Name,Area,Current Year,Crop Year,Crop Type,Tillage Type,Biomass Coefficient Product,Biomass Coefficient Straw,Biomass Coefficient Roots,Biomass Coefficient Extraroot,Nitrogen Content In Product,Nitrogen Content In Straw,Nitrogen Content In Roots,Nitrogen Content In Extraroot,Nitrogen Fixation,Nitrogen Deposit,Carbon Concentration,Yield,Harvest Method,Nitrogen Fertilizer Rate,Phosphorous Fertilizer Rate,Is Irrigated,Irrigation Type,Amount Of Irrigation,Moisture Content Of Crop,Moisture Content Of Crop Percentage,PercentageOfStrawReturnedToSoil,PercentageOfRootsReturnedToSoil,PercentageOfProductYieldReturnedToSoil,Is Pesticide Used,Number Of Pesticide Passes,Fuel Energy,Herbicide Energy,Fertilizer Blend,January Precipitation,February Precipitation,March Precipitation,April Precipitation,May Precipitation,June Precipitation,July Precipitation,August Precipitation,September Precipitation,October Precipitation,November Precipitation,December Precipitation,January Potential Evapotranspiration,February Potential Evapotranspiration,March Potential Evapotranspiration,April Potential Evapotranspiration,May Potential Evapotranspiration,June Potential Evapotranspiration,July Potential Evapotranspiration,August Potential Evapotranspiration,September Potential Evapotranspiration,October Potential Evapotranspiration,November Potential Evapotranspiration,December Potential Evapotranspiration,January Mean Temperature,February Mean Temperature,March Mean Temperature,April Mean Temperature,May Mean Temperature,June Mean Temperature,July Mean Temperature,August Mean Temperature,September Mean Temperature,October Mean Temperature,November Mean Temperature,December Mean Temperature,Province,Soil Great Group,Soil functional category,Bulk Density,Soil Texture,Soil Ph,Top Layer Thickness  (mm),Proportion Of Sand In Soil,Proportion Of Clay In Soil,Proportion Of Soil Organic Carbon,Change in soil carbon (delta_C_t) (kg C ha^-1),N2O Direct (kg N2O (ha)^-1),N2O Direct (Excluding Any Manure Not Applied) (kg N2O (ha)^-1),N2O Indirect (kg N2O (ha)^-1),N2O Indirect (Excluding Any Manure Not Applied) (kg N2O (ha)^-1),Energy CO2 (kg),Upstream CO2 (kg),Total_GHG
Farm1,24.393,2025,2022,OtherFieldCrops,Reduced,0,0,0,0,0.03325,0.00975,0.01,0.01,0,5,0.45,323,CashCrop,0,0,No,RainFed,0,0.1,10,100,100,2,No,0,1.78,0.23,Custom,138.73,76.62,92.42,86.41,98.25,116.06,51.29,47.99,16.04,86.46,122.68,174.48,0.1261,0.0085,0.5128,7.3283,36.4371,78.7478,126.6484,111.0681,70.1096,40.2196,0.0407,0.0076,-4.1487,-5.4236,-2.0835,-0.9827,4.1045,9.8367,14.6726,15.9923,11.688,8.0852,-6.176,-9.5926,BritishColumbia,EutricBrunisol,Brown,1.12,Medium,5.1999998,200,0.09,0.31,35,-27.3727,0.0565,0.0565,0.0431,0.0431,3039.3678,0,252.1573667
Farm1,64.06,2025,2022,OtherFieldCrops,Reduced,0,0,0,0,0.03325,0.00975,0.01,0.01,0,5,0.45,5400000,CashCrop,0,0,No,RainFed,0,0.1,10,100,100,2,No,0,1.78,0.23,Custom,138.73,76.62,92.42,86.41,98.25,116.06,51.29,47.99,16.04,86.46,122.68,174.48,0.1261,0.0085,0.5128,7.3283,36.4371,78.7478,126.6484,111.0681,70.1096,40.2196,0.0407,0.0076,-4.1487,-5.4236,-2.0835,-0.9827,4.1045,9.8367,14.6726,15.9923,11.688,8.0852,-6.176,-9.5926,BritishColumbia,EutricBrunisol,Brown,1.12,Medium,5.1999998,200,0.09,0.31,35,26484.8804,11.8496,11.8496,7.9344,7.9344,7981.876,0,-91585.59613
Farm1,64.06,2025,2024,OtherFieldCrops,Reduced,0,0,0,0,0.03325,0.00975,0.01,0.01,0,5,0.45,22,CashCrop,0,0,No,RainFed,0,0.1,10,100,100,2,No,0,1.78,0.23,Custom,138.73,76.62,92.42,86.41,98.25,116.06,51.29,47.99,16.04,86.46,122.68,174.48,0.1261,0.0085,0.5128,7.3283,36.4371,78.7478,126.6484,111.0681,70.1096,40.2196,0.0407,0.0076,-4.1487,-5.4236,-2.0835,-0.9827,4.1045,9.8367,14.6726,15.9923,11.688,8.0852,-6.176,-9.5926,BritishColumbia,EutricBrunisol,Brown,1.12,Medium,5.1999998,200,0.09,0.31,35,-39054.862,42.684,42.684,13.3491,13.3491,7981.876,0,158622.797
Farm1,64.06,2025,2022,TameLegume,Reduced,0.571,0,0.26,0.169,0.015,0.015,0.015,0.015,0,5,0.45,540000000,CashCrop,0,0,No,RainFed,0,0.13,13,0,100,35,No,0,1.78,0.23,Custom,138.73,76.62,92.42,86.41,98.25,116.06,51.29,47.99,16.04,86.46,122.68,174.48,0.1261,0.0085,0.5128,7.3283,36.4371,78.7478,126.6484,111.0681,70.1096,40.2196,0.0407,0.0076,-4.1487,-5.4236,-2.0835,-0.9827,4.1045,9.8367,14.6726,15.9923,11.688,8.0852,-6.176,-9.5926,BritishColumbia,EutricBrunisol,Brown,1.12,Medium,5.1999998,200,0.09,0.31,35,397607577.7,0.9627,0.9627,2.0877,2.0877,7981.876,0,-1457893494
Farm2,32.73,2025,2022,Vegetables,Reduced,0,0,0,0,0.02,0.02,0.01,0.01,0,5,0.45,11339.8,CashCrop,0,0,No,RainFed,0,0.8,80,100,100,2,No,0,2.39,0.23,Custom,120.72,68.92,80.07,52.91,95.03,140.78,50.58,57.61,14.93,60.18,83.74,108.81,0.0399,0,1.7172,10.0124,45.7327,87.2671,137.8123,114.6656,71.2932,38.5306,0,0.0134,-7.9581,-7.4832,-2.1752,-0.248,5.47,11.8903,17.7581,18.2419,13.19,7.6987,-8.754,-13.1474,BritishColumbia,Regosol,Black,0.2,Coarse,6.0999999,20,-0.09,-0.09,242.000008,0,0.0498,0.0498,0.0358,0.0358,5475.729,0,190.6688
Farm3,1.902,2025,2022,Vegetables,Reduced,0,0,0,0,0.02,0.02,0.01,0.01,0,5,0.45,500,CashCrop,0,0,No,RainFed,0,0.8,80,100,100,2,No,0,1.78,0.23,Custom,161.85,48.39,89.89,99.78,93.9,85.62,48.16,31.93,36.31,76.19,86.08,134.43,0.0064,0,0,0,8.2286,60.3153,103.1509,98.8171,61.7157,34.5138,0,0,-6.2913,-7.7321,-4.5045,-5.0167,-0.2329,7.3027,13.2677,14.4529,9.9137,6.25,-8.1003,-11.6874,BritishColumbia,Gleysol,Brown,1.15,Medium,5.1999998,60,0.25,0.15,35,0,0.0324,0.0324,0.0359,0.0359,236.9892,0,143.2459
Farm4,0.250838451,2025,2022,Vegetables,Reduced,0,0,0,0,0.02,0.02,0.01,0.01,0,5,0.45,13.2,CashCrop,0,0,No,RainFed,0,0.8,80,100,100,2,No,0,1.78,0.23,Custom,106.12,48.94,77.62,87.62,85.73,59.83,36.44,17.37,10.29,67.59,77.13,122.48,10.0357,14.656,35.6491,49.6353,73.9397,102.7047,139.8711,130.6162,88.422,53.539,14.8114,6.8928,3.4835,3.8911,6.371,6.6683,10.041,14.7093,19.2003,20.5235,16.678,13.0119,4.3467,2.1119,BritishColumbia,DystricBrunisol,Brown,0.11,Medium,4.9000001,20,-0.09,-0.09,344.000015,0,0.0287,0.0287,0.0208,0.0208,31.2545,0,138.1136156
Farm5,0.0035,2025,2025,Vegetables,Reduced,0,0,0,0,0.02,0.02,0.01,0.01,0,5,0.45,94.92,CashCrop,0,0,No,RainFed,0,0.8,80,100,100,2,No,0,1.78,0.23,Custom,70.81,185.76,258.47,106.58,97.72,69.99,50.39,106.53,-2967.78,0,0,0,0.1703,2.5488,9.4539,45.7892,71.5699,96.5844,120.3011,103.9959,42.5135,0,0,0,-2.7839,-3.8896,1.4984,5.0233,8.4719,12.046,14.809,17.1855,-143.59,0,0,0,BritishColumbia,MelanicBrunisol,Brown,1,Medium,5.0999999,170,0.05,0.24,54.000001,0,0.003,0.003,0.0141,0.0141,0.4361,0,129.2683
Farm6,461.452,2025,2024,GrainCorn,Reduced,0.386,0.387,0.138,0.089,0.015,0.005,0.007,0.007,0,5,0.45,913674.96,CashCrop,0,0,No,RainFed,0,0.15,15,100,100,2,No,0,1.78,0.23,Custom,367.06,170.21,177.95,136.13,111.52,116.47,30.34,117.44,108.2,311.49,280.47,314.62,4.4195,6.2474,20.7135,42.4848,77.2249,92.5367,141.984,100.2646,64.4383,26.6927,5.2754,3.8482,-1.0865,1.1393,2.3668,5.2073,9.72,12.2987,18.0584,16.8406,13.099,6.8961,1.433,1.439,BritishColumbia,HumoFerricPodzol,Brown,0.8,Medium,4.6999998,150,0.65,0.04,25,-319848.1327,4.2094,4.2094,0.3859,0.3859,57496.9192,0,1174155.603
Farm6,461.452,2025,2025,GrainCorn,Reduced,0.386,0.387,0.138,0.089,0.015,0.005,0.007,0.007,0,5,0.45,913674.96,CashCrop,0,0,No,RainFed,0,0.15,15,100,100,2,No,0,1.78,0.23,Custom,367.06,170.21,177.95,136.13,111.52,116.47,30.34,117.44,108.2,311.49,280.47,314.62,4.4195,6.2474,20.7135,42.4848,77.2249,92.5367,141.984,100.2646,64.4383,26.6927,5.2754,3.8482,-1.0865,1.1393,2.3668,5.2073,9.72,12.2987,18.0584,16.8406,13.099,6.8961,1.433,1.439,BritishColumbia,HumoFerricPodzol,Brown,0.8,Medium,4.6999998,150,0.65,0.04,25,-123930.4761,-321.3707,-321.3707,-11.6207,-11.6207,57496.9192,0,363629.6935
Farm7,0.218,2025,2023,DryPeas,Reduced,0.263,0.533,0.126,0.078,0.0694,0.0316,0.0282,0.0282,0,5,0.45,5,CashCrop,0,0,No,RainFed,0,0.13,13,100,100,2,No,0,1.78,0.23,Custom,122.37,147.9,90.11,126.51,45.87,44.76,18.23,49.56,67.53,104.63,170.72,219.72,8.2956,8.9645,30.5083,44.8089,109.4819,118.4887,139.2413,112.9897,70.6747,39.7995,14.493,10.0447,3.3248,2.42,4.8235,7.5847,14.9445,15.2387,18.1803,18.8345,14.886,10.7071,5.5157,5.1926,BritishColumbia,HumoFerricPodzol,Brown,0.8,Medium,4.3000002,250,0.1,0.18,35,-2857.6143,1.1238,1.1238,0.5946,0.5946,27.1628,0,11071.6423
Farm7,0.218,2025,2023,Potatoes,Reduced,0.736,0.239,0.015,0.01,0.015,0.02,0.01,0.01,0,5,0.45,20,CashCrop,0,0,No,RainFed,0,0.75,75,100,100,0,No,0,1.78,0.23,Custom,122.37,147.9,90.11,126.51,45.87,44.76,18.23,49.56,67.53,104.63,170.72,219.72,8.2956,8.9645,30.5083,44.8089,109.4819,118.4887,139.2413,112.9897,70.6747,39.7995,14.493,10.0447,3.3248,2.42,4.8235,7.5847,14.9445,15.2387,18.1803,18.8345,14.886,10.7071,5.5157,5.1926,BritishColumbia,HumoFerricPodzol,Brown,0.8,Medium,4.3000002,250,0.1,0.18,35,-1375.3154,0.3421,0.3421,0.186,0.186,27.1628,0,5311.594433
Farm7,0.218,2025,2023,Vegetables,Reduced,0,0,0,0,0.02,0.02,0.01,0.01,0,5,0.45,27,CashCrop,0,0,No,RainFed,0,0.8,80,100,100,2,No,0,1.78,0.23,Custom,122.37,147.9,90.11,126.51,45.87,44.76,18.23,49.56,67.53,104.63,170.72,219.72,8.2956,8.9645,30.5083,44.8089,109.4819,118.4887,139.2413,112.9897,70.6747,39.7995,14.493,10.0447,3.3248,2.42,4.8235,7.5847,14.9445,15.2387,18.1803,18.8345,14.886,10.7071,5.5157,5.1926,BritishColumbia,HumoFerricPodzol,Brown,0.8,Medium,4.3000002,250,0.1,0.18,35,0.0185,0.0309,0.0309,0.0233,0.0233,27.1628,0,139.3287667
Farm7,0.218,2025,2024,Vegetables,Reduced,0,0,0,0,0.02,0.02,0.01,0.01,0,5,0.45,10,CashCrop,0,0,No,RainFed,0,0.8,80,100,100,2,No,0,1.78,0.23,Custom,122.37,147.9,90.11,126.51,45.87,44.76,18.23,49.56,67.53,104.63,170.72,219.72,8.2956,8.9645,30.5083,44.8089,109.4819,118.4887,139.2413,112.9897,70.6747,39.7995,14.493,10.0447,3.3248,2.42,4.8235,7.5847,14.9445,15.2387,18.1803,18.8345,14.886,10.7071,5.5157,5.1926,BritishColumbia,HumoFerricPodzol,Brown,0.8,Medium,4.3000002,250,0.1,0.18,35,-0.0281,0.0309,0.0309,0.0233,0.0233,27.1628,0,139.4996333
Farm8,2.891,2025,2023,BeansDryField,Reduced,0.539,0.412,0.03,0.019,0.042,0.01,0.01,0.01,0,5,0.45,245,CashCrop,0,0,No,RainFed,0,0.13,13,100,100,2,No,0,1.78,0.23,Custom,45.86,79.62,59.75,93.06,78.91,83.42,73.96,133.39,45.32,30.87,72.37,96.87,0,0,0,12.9559,96.1642,107.3518,135.8303,103.6817,60.1698,24.7209,0.1003,0.0492,-8.7852,-9.4914,-8.0161,-1.075,12.1535,13.998,16.8397,15.6726,10.254,3.9952,-5.1357,-5.9103,BritishColumbia,HumoFerricPodzol,Brown,0.2,Medium,4.8000002,30,-0.09,-0.09,389.000015,-1473.5275,0.4384,0.4384,0.2289,0.2289,360.2186,0,5709.707067
Farm8,2.891,2025,2023,Vegetables,Reduced,0,0,0,0,0.02,0.02,0.01,0.01,0,5,0.45,1944.173333,CashCrop,0,0,No,RainFed,0,0.8,80,100,100,2,No,0,1.78,0.23,Custom,45.86,79.62,59.75,93.06,78.91,83.42,73.96,133.39,45.32,30.87,72.37,96.87,0,0,0,12.9559,96.1642,107.3518,135.8303,103.6817,60.1698,24.7209,0.1003,0.0492,-8.7852,-9.4914,-8.0161,-1.075,12.1535,13.998,16.8397,15.6726,10.254,3.9952,-5.1357,-5.9103,BritishColumbia,HumoFerricPodzol,Brown,0.2,Medium,4.8000002,30,-0.09,-0.09,389.000015,0,0.0519,0.0519,0.0321,0.0321,360.2186,0,147.532
Farm8,1.075,2025,2023,BerriesAndGrapes,Reduced,0,0,0,0,0.007,0.02,0.01,0.01,0,5,0.45,204.5094488,CashCrop,0,0,No,RainFed,0,0.85,85,100,100,2,No,0,1.78,0.23,Custom,45.86,79.62,59.75,93.06,78.91,83.42,73.96,133.39,45.32,30.87,72.37,96.87,0,0,0,12.9559,96.1642,107.3518,135.8303,103.6817,60.1698,24.7209,0.1003,0.0492,-8.7852,-9.4914,-8.0161,-1.075,12.1535,13.998,16.8397,15.6726,10.254,3.9952,-5.1357,-5.9103,BritishColumbia,HumoFerricPodzol,Brown,0.2,Medium,4.8000002,30,-0.09,-0.09,389.000015,0.2253,0.0504,0.0504,0.0313,0.0313,133.945,0,146.078
Farm8,1.075,2025,2024,BerriesAndGrapes,Reduced,0,0,0,0,0.007,0.02,0.01,0.01,0,5,0.45,11.34,CashCrop,0,0,No,RainFed,0,0.85,85,100,100,2,No,0,1.78,0.23,Custom,45.86,79.62,59.75,93.06,78.91,83.42,73.96,133.39,45.32,30.87,72.37,96.87,0,0,0,12.9559,96.1642,107.3518,135.8303,103.6817,60.1698,24.7209,0.1003,0.0492,-8.7852,-9.4914,-8.0161,-1.075,12.1535,13.998,16.8397,15.6726,10.254,3.9952,-5.1357,-5.9103,BritishColumbia,HumoFerricPodzol,Brown,0.2,Medium,4.8000002,30,-0.09,-0.09,389.000015,-0.2042,0.0505,0.0505,0.0313,0.0313,133.945,0,147.6801333
Farm8,1.075,2025,2023,DryPeas,Reduced,0.245,0.49,0.162,0.103,0.0704,0.0304,0.0225,0.0225,0,5,0.45,108,CashCrop,0,0,No,RainFed,0,0.13,13,100,100,2,No,0,1.78,0.23,Custom,45.86,79.62,59.75,93.06,78.91,83.42,73.96,133.39,45.32,30.87,72.37,96.87,0,0,0,12.9559,96.1642,107.3518,135.8303,103.6817,60.1698,24.7209,0.1003,0.0492,-8.7852,-9.4914,-8.0161,-1.075,12.1535,13.998,16.8397,15.6726,10.254,3.9952,-5.1357,-5.9103,BritishColumbia,HumoFerricPodzol,Brown,0.2,Medium,4.8000002,30,-0.09,-0.09,389.000015,-2600.7634,1.7013,1.7013,0.8722,0.8722,133.945,0,10363.29797
Farm8,1.075,2025,2023,Vegetables,Reduced,0,0,0,0,0.02,0.02,0.01,0.01,0,5,0.45,505.2,CashCrop,0,0,No,RainFed,0,0.8,80,100,100,2,No,0,1.78,0.23,Custom,45.86,79.62,59.75,93.06,78.91,83.42,73.96,133.39,45.32,30.87,72.37,96.87,0,0,0,12.9559,96.1642,107.3518,135.8303,103.6817,60.1698,24.7209,0.1003,0.0492,-8.7852,-9.4914,-8.0161,-1.075,12.1535,13.998,16.8397,15.6726,10.254,3.9952,-5.1357,-5.9103,BritishColumbia,HumoFerricPodzol,Brown,0.2,Medium,4.8000002,30,-0.09,-0.09,389.000015,0.5441,0.0506,0.0506,0.0314,0.0314,133.945,0,144.9909667
Farm8,1.075,2025,2025,Vegetables,Reduced,0,0,0,0,0.02,0.02,0.01,0.01,0,5,0.45,6,CashCrop,0,0,No,RainFed,0,0.8,80,100,100,2,No,0,1.78,0.23,Custom,45.86,79.62,59.75,93.06,78.91,83.42,73.96,133.39,45.32,30.87,72.37,96.87,0,0,0,12.9559,96.1642,107.3518,135.8303,103.6817,60.1698,24.7209,0.1003,0.0492,-8.7852,-9.4914,-8.0161,-1.075,12.1535,13.998,16.8397,15.6726,10.254,3.9952,-5.1357,-5.9103,BritishColumbia,HumoFerricPodzol,Brown,0.2,Medium,4.8000002,30,-0.09,-0.09,389.000015,-0.7982,0.0511,0.0511,0.0314,0.0314,133.945,0,150.0492333
Farm8,1.34,2025,2023,BerriesAndGrapes,Reduced,0,0,0,0,0.007,0.02,0.01,0.01,0,5,0.45,347.5,CashCrop,0,0,No,RainFed,0,0.85,85,100,100,2,No,0,1.78,0.23,Custom,45.86,79.62,59.75,93.06,78.91,83.42,73.96,133.39,45.32,30.87,72.37,96.87,0,0,0,12.9559,96.1642,107.3518,135.8303,103.6817,60.1698,24.7209,0.1003,0.0492,-8.7852,-9.4914,-8.0161,-1.075,12.1535,13.998,16.8397,15.6726,10.254,3.9952,-5.1357,-5.9103,BritishColumbia,HumoFerricPodzol,Brown,0.2,Medium,4.8000002,30,-0.09,-0.09,389.000015,-0.2985,0.0505,0.0505,0.0313,0.0313,166.964,0,148.0259
Farm8,1.34,2025,2024,BerriesAndGrapes,Reduced,0,0,0,0,0.007,0.02,0.01,0.01,0,5,0.45,1261.69,CashCrop,0,0,No,RainFed,0,0.85,85,100,100,2,No,0,1.78,0.23,Custom,45.86,79.62,59.75,93.06,78.91,83.42,73.96,133.39,45.32,30.87,72.37,96.87,0,0,0,12.9559,96.1642,107.3518,135.8303,103.6817,60.1698,24.7209,0.1003,0.0492,-8.7852,-9.4914,-8.0161,-1.075,12.1535,13.998,16.8397,15.6726,10.254,3.9952,-5.1357,-5.9103,BritishColumbia,HumoFerricPodzol,Brown,0.2,Medium,4.8000002,30,-0.09,-0.09,389.000015,1.2794,0.0506,0.0506,0.0313,0.0313,166.964,0,142.2675667
Farm8,1.34,2025,2024,OtherFieldCrops,Reduced,0,0,0,0,0.03325,0.00975,0.01,0.01,0,5,0.45,30,CashCrop,0,0,No,RainFed,0,0.1,10,100,100,2,No,0,1.78,0.23,Custom,45.86,79.62,59.75,93.06,78.91,83.42,73.96,133.39,45.32,30.87,72.37,96.87,0,0,0,12.9559,96.1642,107.3518,135.8303,103.6817,60.1698,24.7209,0.1003,0.0492,-8.7852,-9.4914,-8.0161,-1.075,12.1535,13.998,16.8397,15.6726,10.254,3.9952,-5.1357,-5.9103,BritishColumbia,HumoFerricPodzol,Brown,0.2,Medium,4.8000002,30,-0.09,-0.09,389.000015,0,0.0506,0.0506,0.0314,0.0314,166.964,0,146.986
Farm8,1.34,2025,2025,Vegetables,Reduced,0,0,0,0,0.02,0.02,0.01,0.01,0,5,0.45,20,CashCrop,0,0,No,RainFed,0,0.8,80,100,100,2,No,0,1.78,0.23,Custom,45.86,79.62,59.75,93.06,78.91,83.42,73.96,133.39,45.32,30.87,72.37,96.87,0,0,0,12.9559,96.1642,107.3518,135.8303,103.6817,60.1698,24.7209,0.1003,0.0492,-8.7852,-9.4914,-8.0161,-1.075,12.1535,13.998,16.8397,15.6726,10.254,3.9952,-5.1357,-5.9103,BritishColumbia,HumoFerricPodzol,Brown,0.2,Medium,4.8000002,30,-0.09,-0.09,389.000015,0,0.0504,0.0504,0.0313,0.0313,166.964,0,146.9041
Farm9,0.141,2025,2023,Vegetables,Reduced,0,0,0,0,0.02,0.02,0.01,0.01,0,5,0.45,90.7184,CashCrop,0,0,No,RainFed,0,0.8,80,100,100,2,No,0,1.78,0.23,Custom,122.37,147.9,90.11,126.51,45.87,44.76,18.23,49.56,67.53,104.63,170.72,219.72,8.2956,8.9645,30.5083,44.8089,109.4819,118.4887,139.2413,112.9897,70.6747,39.7995,14.493,10.0447,3.3248,2.42,4.8235,7.5847,14.9445,15.2387,18.1803,18.8345,14.886,10.7071,5.5157,5.1926,BritishColumbia,Humisol,Brown,0.35,Medium,2.9000001,200,-0.09,-0.09,580,0,0.031,0.031,0.0233,0.0233,17.5686,0,139.4239
Farm9,0.603,2025,2023,Vegetables,Reduced,0,0,0,0,0.02,0.02,0.01,0.01,0,5,0.45,36.28736,CashCrop,0,0,No,RainFed,0,0.8,80,100,100,2,No,0,1.78,0.23,Custom,122.37,147.9,90.11,126.51,45.87,44.76,18.23,49.56,67.53,104.63,170.72,219.72,8.2956,8.9645,30.5083,44.8089,109.4819,118.4887,139.2413,112.9897,70.6747,39.7995,14.493,10.0447,3.3248,2.42,4.8235,7.5847,14.9445,15.2387,18.1803,18.8345,14.886,10.7071,5.5157,5.1926,BritishColumbia,Humisol,Brown,0.35,Medium,2.9000001,200,-0.09,-0.09,580,-0.7951,0.0311,0.0311,0.0234,0.0234,75.1338,0,142.3938667
Farm9,0.603,2025,2024,Vegetables,Reduced,0,0,0,0,0.02,0.02,0.01,0.01,0,5,0.45,453.138408,CashCrop,0,0,No,RainFed,0,0.8,80,100,100,2,No,0,1.78,0.23,Custom,122.37,147.9,90.11,126.51,45.87,44.76,18.23,49.56,67.53,104.63,170.72,219.72,8.2956,8.9645,30.5083,44.8089,109.4819,118.4887,139.2413,112.9897,70.6747,39.7995,14.493,10.0447,3.3248,2.42,4.8235,7.5847,14.9445,15.2387,18.1803,18.8345,14.886,10.7071,5.5157,5.1926,BritishColumbia,Humisol,Brown,0.35,Medium,2.9000001,200,-0.09,-0.09,580,0.5658,0.031,0.031,0.0233,0.0233,75.1338,0,137.3493
Farm9,0.603,2025,2025,Vegetables,Reduced,0,0,0,0,0.02,0.02,0.01,0.01,0,5,0.45,453.138408,CashCrop,0,0,No,RainFed,0,0.8,80,100,100,2,No,0,1.78,0.23,Custom,122.37,147.9,90.11,126.51,45.87,44.76,18.23,49.56,67.53,104.63,170.72,219.72,8.2956,8.9645,30.5083,44.8089,109.4819,118.4887,139.2413,112.9897,70.6747,39.7995,14.493,10.0447,3.3248,2.42,4.8235,7.5847,14.9445,15.2387,18.1803,18.8345,14.886,10.7071,5.5157,5.1926,BritishColumbia,Humisol,Brown,0.35,Medium,2.9000001,200,-0.09,-0.09,580,0.0819,0.0313,0.0313,0.0234,0.0234,75.1338,0,139.2328
Farm10,23.596,2025,2024,Potatoes,Reduced,0.736,0.239,0.015,0.01,0.015,0.02,0.01,0.01,0,5,0.45,35.2,CashCrop,0,0,No,RainFed,0,0.75,75,100,100,0,No,0,1.78,0.23,Custom,252.84,143.89,107.95,113.13,91.98,91.1,30.4,119.08,78.59,249.68,219.56,239.24,7.485,13.5648,33.8219,56.574,84.2535,98.2298,145.3637,102.7436,67.9045,30.7679,10.0213,8.2924,1.6384,4.0428,5.8971,7.931,11.3035,13.8203,19.0881,17.9316,14.5547,8.7235,4.046,3.8787,BritishColumbia,HumoFerricPodzol,Brown,0.9,Medium,6.4000001,200,0.12,0.09,40,-1368.3974,1.7729,1.7729,0.345,0.345,2940.0616,0,5720.243833
Farm10,23.596,2025,2024,Vegetables,Reduced,0,0,0,0,0.02,0.02,0.01,0.01,0,5,0.45,38250,CashCrop,0,0,No,RainFed,0,0.8,80,100,100,2,No,0,1.78,0.23,Custom,252.84,143.89,107.95,113.13,91.98,91.1,30.4,119.08,78.59,249.68,219.56,239.24,7.485,13.5648,33.8219,56.574,84.2535,98.2298,145.3637,102.7436,67.9045,30.7679,10.0213,8.2924,1.6384,4.0428,5.8971,7.931,11.3035,13.8203,19.0881,17.9316,14.5547,8.7235,4.046,3.8787,BritishColumbia,HumoFerricPodzol,Brown,0.9,Medium,6.4000001,200,0.12,0.09,40,0,0.2547,0.2547,0.0537,0.0537,2940.0616,0,208.7932
Farm11,0.542,2025,2025,Vegetables,Reduced,0,0,0,0,0.02,0.02,0.01,0.01,0,5,0.45,500,CashCrop,0,0,No,RainFed,0,0.8,80,100,100,2,No,0,1.78,0.23,Custom,38.7,74.88,129.24,45.6,54.71,25.25,18.84,43.88,-2986.36,0,0,0,10.1907,9.2689,30.4572,74.2202,98.6415,117.2405,146.9924,119.8482,44.2159,0,0,0,3.0558,2.17,5.8852,9.3513,11.5732,14.7357,18.1006,19.4239,-142.1216,0,0,0,BritishColumbia,DystricBrunisol,Brown,1,Fine,5.4000001,90,0.09,0.18,37,0,0.0036,0.0036,0.0141,0.0141,67.5332,0,129.4321
Farm12,0.157,2025,2025,Vegetables,Reduced,0,0,0,0,0.02,0.02,0.01,0.01,0,5,0.45,272.1552,CashCrop,0,0,No,RainFed,0,0.8,80,100,100,2,No,0,1.78,0.23,Custom,62.47,149.26,221.31,85.32,85.68,53.59,36.88,102.71,-2973.2,0,0,0,4.21,7.545,24.4089,65.1556,83.5765,103.8241,126.2214,107.2414,42.9634,0,0,0,0.9635,0.0711,4.9919,8.439,10.8361,13.909,16.341,18.4223,-143.1905,0,0,0,BritishColumbia,Humisol,Brown,0.35,Medium,2.9000001,200,-0.09,-0.09,580,0,0.0035,0.0035,0.0141,0.0141,19.5622,0,129.4048
Farm12,2.211,2025,2025,SugarBeets,Reduced,0.626,0.357,0.01,0.007,0.01,0.029,0.01,0.01,0,5,0.45,544.3104,CashCrop,0,0,No,RainFed,0,0.8,80,100,100,0,No,0,1.78,0.23,Custom,62.47,149.26,221.31,85.32,85.68,53.59,36.88,102.71,-2973.2,0,0,0,4.21,7.545,24.4089,65.1556,83.5765,103.8241,126.2214,107.2414,42.9634,0,0,0,0.9635,0.0711,4.9919,8.439,10.8361,13.909,16.341,18.4223,-143.1905,0,0,0,BritishColumbia,Humisol,Brown,0.35,Medium,2.9000001,200,-0.09,-0.09,580,-3748.5542,0.1449,0.1449,0.2219,0.2219,275.4906,0,13969.43513
Farm12,2.361,2025,2025,Vegetables,Reduced,0,0,0,0,0.02,0.02,0.01,0.01,0,5,0.45,272.1552,CashCrop,0,0,No,RainFed,0,0.8,80,100,100,2,No,0,1.78,0.23,Custom,62.47,149.26,221.31,85.32,85.68,53.59,36.88,102.71,-2973.2,0,0,0,4.21,7.545,24.4089,65.1556,83.5765,103.8241,126.2214,107.2414,42.9634,0,0,0,0.9635,0.0711,4.9919,8.439,10.8361,13.909,16.341,18.4223,-143.1905,0,0,0,BritishColumbia,Humisol,Brown,0.35,Medium,2.9000001,200,-0.09,-0.09,580,0,0.0035,0.0035,0.0141,0.0141,294.1806,0,129.4048
Farm13,0.079,2025,2024,OtherFieldCrops,Reduced,0,0,0,0,0.03325,0.00975,0.01,0.01,0,5,0.45,900,CashCrop,0,0,No,RainFed,0,0.1,10,100,100,2,No,0,1.78,0.23,Custom,252.84,143.89,107.95,113.13,91.98,91.1,30.4,119.08,78.59,249.68,219.56,239.24,7.485,13.5648,33.8219,56.574,84.2535,98.2298,145.3637,102.7436,67.9045,30.7679,10.0213,8.2924,1.6384,4.0428,5.8971,7.931,11.3035,13.8203,19.0881,17.9316,14.5547,8.7235,4.046,3.8787,BritishColumbia,HumoFerricPodzol,Brown,1.2,Medium,5.3000002,90,0.22,0.11,128.000002,0,0.1774,0.1774,0.0388,0.0388,9.8434,0,183.6226
Farm14,0.5,2025,2024,BerriesAndGrapes,Reduced,0,0,0,0,0.007,0.02,0.01,0.01,0,5,0.45,33.1,CashCrop,0,0,No,RainFed,0,0.85,85,100,100,2,No,0,1.78,0.23,Custom,175.76,77,96.65,63.73,58.66,82.83,29.41,56.99,58.75,131.53,177.54,152.97,6.464,10.1361,29.991,53.6255,88.1053,97.1305,146.7456,105.1043,70.1814,29.7915,9.7935,8.2368,1.8403,2.7217,4.9242,6.8313,10.9106,13.672,18.7261,18.5148,14.4313,8.4303,3.938,3.8116,BritishColumbia,HumoFerricPodzol,Brown,1.2,Fine,4.8000002,70,0.57,0.07,28,0.0242,0.0434,0.0434,0.0294,0.0294,62.3,0,144.3856667
Farm14,0.5,2025,2025,BerriesAndGrapes,Reduced,0,0,0,0,0.007,0.02,0.01,0.01,0,5,0.45,20,CashCrop,0,0,No,RainFed,0,0.85,85,100,100,2,No,0,1.78,0.23,Custom,175.76,77,96.65,63.73,58.66,82.83,29.41,56.99,58.75,131.53,177.54,152.97,6.464,10.1361,29.991,53.6255,88.1053,97.1305,146.7456,105.1043,70.1814,29.7915,9.7935,8.2368,1.8403,2.7217,4.9242,6.8313,10.9106,13.672,18.7261,18.5148,14.4313,8.4303,3.938,3.8116,BritishColumbia,HumoFerricPodzol,Brown,1.2,Fine,4.8000002,70,0.57,0.07,28,-0.0112,0.0434,0.0434,0.0294,0.0294,62.3,0,144.5154667
Farm14,0.5,2025,2025,OtherFieldCrops,Reduced,0,0,0,0,0.03325,0.00975,0.01,0.01,0,5,0.45,0.23,CashCrop,0,0,No,RainFed,0,0.1,10,100,100,2,No,0,1.78,0.23,Custom,175.76,77,96.65,63.73,58.66,82.83,29.41,56.99,58.75,131.53,177.54,152.97,6.464,10.1361,29.991,53.6255,88.1053,97.1305,146.7456,105.1043,70.1814,29.7915,9.7935,8.2368,1.8403,2.7217,4.9242,6.8313,10.9106,13.672,18.7261,18.5148,14.4313,8.4303,3.938,3.8116,BritishColumbia,HumoFerricPodzol,Brown,1.2,Fine,4.8000002,70,0.57,0.07,28,0,0.0434,0.0434,0.0294,0.0294,62.3,0,144.4744
Farm14,0.088,2025,2024,BerriesAndGrapes,Reduced,0,0,0,0,0.007,0.02,0.01,0.01,0,5,0.45,0,CashCrop,0,0,No,RainFed,0,0.85,85,100,100,2,No,0,1.78,0.23,Custom,175.76,77,96.65,63.73,58.66,82.83,29.41,56.99,58.75,131.53,177.54,152.97,6.464,10.1361,29.991,53.6255,88.1053,97.1305,146.7456,105.1043,70.1814,29.7915,9.7935,8.2368,1.8403,2.7217,4.9242,6.8313,10.9106,13.672,18.7261,18.5148,14.4313,8.4303,3.938,3.8116,BritishColumbia,HumoFerricPodzol,Brown,1.2,Fine,4.8000002,70,0.57,0.07,28,0,0.0434,0.0434,0.0294,0.0294,10.9648,0,144.4744
Farm14,0.088,2025,2025,BerriesAndGrapes,Reduced,0,0,0,0,0.007,0.02,0.01,0.01,0,5,0.45,0,CashCrop,0,0,No,RainFed,0,0.85,85,100,100,2,No,0,1.78,0.23,Custom,175.76,77,96.65,63.73,58.66,82.83,29.41,56.99,58.75,131.53,177.54,152.97,6.464,10.1361,29.991,53.6255,88.1053,97.1305,146.7456,105.1043,70.1814,29.7915,9.7935,8.2368,1.8403,2.7217,4.9242,6.8313,10.9106,13.672,18.7261,18.5148,14.4313,8.4303,3.938,3.8116,BritishColumbia,HumoFerricPodzol,Brown,1.2,Fine,4.8000002,70,0.57,0.07,28,0,0.0434,0.0434,0.0294,0.0294,10.9648,0,144.4744
Farm14,0.088,2025,2025,OtherFieldCrops,Reduced,0,0,0,0,0.03325,0.00975,0.01,0.01,0,5,0.45,0,CashCrop,0,0,No,RainFed,0,0.1,10,100,100,2,No,0,1.78,0.23,Custom,175.76,77,96.65,63.73,58.66,82.83,29.41,56.99,58.75,131.53,177.54,152.97,6.464,10.1361,29.991,53.6255,88.1053,97.1305,146.7456,105.1043,70.1814,29.7915,9.7935,8.2368,1.8403,2.7217,4.9242,6.8313,10.9106,13.672,18.7261,18.5148,14.4313,8.4303,3.938,3.8116,BritishColumbia,HumoFerricPodzol,Brown,1.2,Fine,4.8000002,70,0.57,0.07,28,0,0.0434,0.0434,0.0294,0.0294,10.9648,0,144.4744
Farm14,0.47,2025,2024,BerriesAndGrapes,Reduced,0,0,0,0,0.007,0.02,0.01,0.01,0,5,0.45,100,CashCrop,0,0,No,RainFed,0,0.85,85,100,100,2,No,0,1.78,0.23,Custom,175.76,77,96.65,63.73,58.66,82.83,29.41,56.99,58.75,131.53,177.54,152.97,6.464,10.1361,29.991,53.6255,88.1053,97.1305,146.7456,105.1043,70.1814,29.7915,9.7935,8.2368,1.8403,2.7217,4.9242,6.8313,10.9106,13.672,18.7261,18.5148,14.4313,8.4303,3.938,3.8116,BritishColumbia,HumoFerricPodzol,Brown,1.2,Fine,4.8000002,70,0.57,0.07,28,0,0.0434,0.0434,0.0294,0.0294,58.562,0,144.4744
Farm14,0.47,2025,2025,BerriesAndGrapes,Reduced,0,0,0,0,0.007,0.02,0.01,0.01,0,5,0.45,100,CashCrop,0,0,No,RainFed,0,0.85,85,100,100,2,No,0,1.78,0.23,Custom,175.76,77,96.65,63.73,58.66,82.83,29.41,56.99,58.75,131.53,177.54,152.97,6.464,10.1361,29.991,53.6255,88.1053,97.1305,146.7456,105.1043,70.1814,29.7915,9.7935,8.2368,1.8403,2.7217,4.9242,6.8313,10.9106,13.672,18.7261,18.5148,14.4313,8.4303,3.938,3.8116,BritishColumbia,HumoFerricPodzol,Brown,1.2,Fine,4.8000002,70,0.57,0.07,28,0,0.0434,0.0434,0.0294,0.0294,58.562,0,144.4744
Farm14,0.47,2025,2025,OtherFieldCrops,Reduced,0,0,0,0,0.03325,0.00975,0.01,0.01,0,5,0.45,0,CashCrop,0,0,No,RainFed,0,0.1,10,100,100,2,No,0,1.78,0.23,Custom,175.76,77,96.65,63.73,58.66,82.83,29.41,56.99,58.75,131.53,177.54,152.97,6.464,10.1361,29.991,53.6255,88.1053,97.1305,146.7456,105.1043,70.1814,29.7915,9.7935,8.2368,1.8403,2.7217,4.9242,6.8313,10.9106,13.672,18.7261,18.5148,14.4313,8.4303,3.938,3.8116,BritishColumbia,HumoFerricPodzol,Brown,1.2,Fine,4.8000002,70,0.57,0.07,28,0,0.0434,0.0434,0.0294,0.0294,58.562,0,144.4744
Farm14,0.013,2025,2024,Vegetables,Reduced,0,0,0,0,0.02,0.02,0.01,0.01,0,5,0.45,1,CashCrop,0,0,No,RainFed,0,0.8,80,100,100,2,No,0,1.78,0.23,Custom,175.76,77,96.65,63.73,58.66,82.83,29.41,56.99,58.75,131.53,177.54,152.97,6.464,10.1361,29.991,53.6255,88.1053,97.1305,146.7456,105.1043,70.1814,29.7915,9.7935,8.2368,1.8403,2.7217,4.9242,6.8313,10.9106,13.672,18.7261,18.5148,14.4313,8.4303,3.938,3.8116,BritishColumbia,HumoFerricPodzol,Brown,1.2,Fine,4.8000002,70,0.57,0.07,28,0,0.0434,0.0434,0.0294,0.0294,1.6198,0,144.4744
Farm14,2.225,2025,2025,BerriesAndGrapes,Reduced,0,0,0,0,0.007,0.02,0.01,0.01,0,5,0.45,50,CashCrop,0,0,No,RainFed,0,0.85,85,100,100,2,No,0,1.78,0.23,Custom,175.76,77,96.65,63.73,58.66,82.83,29.41,56.99,58.75,131.53,177.54,152.97,6.464,10.1361,29.991,53.6255,88.1053,97.1305,146.7456,105.1043,70.1814,29.7915,9.7935,8.2368,1.8403,2.7217,4.9242,6.8313,10.9106,13.672,18.7261,18.5148,14.4313,8.4303,3.938,3.8116,BritishColumbia,HumoFerricPodzol,Brown,1.2,Fine,4.8000002,70,0.57,0.07,28,0,0.0434,0.0434,0.0294,0.0294,277.235,0,144.4744
Farm14,0.288,2025,2024,BerriesAndGrapes,Reduced,0,0,0,0,0.007,0.02,0.01,0.01,0,5,0.45,2,CashCrop,0,0,No,RainFed,0,0.85,85,100,100,2,No,0,1.78,0.23,Custom,175.76,77,96.65,63.73,58.66,82.83,29.41,56.99,58.75,131.53,177.54,152.97,6.464,10.1361,29.991,53.6255,88.1053,97.1305,146.7456,105.1043,70.1814,29.7915,9.7935,8.2368,1.8403,2.7217,4.9242,6.8313,10.9106,13.672,18.7261,18.5148,14.4313,8.4303,3.938,3.8116,BritishColumbia,HumoFerricPodzol,Brown,1.2,Fine,4.8000002,70,0.57,0.07,28,0,0.0434,0.0434,0.0294,0.0294,35.8848,0,144.4744
Farm14,0.288,2025,2024,Vegetables,Reduced,0,0,0,0,0.02,0.02,0.01,0.01,0,5,0.45,7,CashCrop,0,0,No,RainFed,0,0.8,80,100,100,2,No,0,1.78,0.23,Custom,175.76,77,96.65,63.73,58.66,82.83,29.41,56.99,58.75,131.53,177.54,152.97,6.464,10.1361,29.991,53.6255,88.1053,97.1305,146.7456,105.1043,70.1814,29.7915,9.7935,8.2368,1.8403,2.7217,4.9242,6.8313,10.9106,13.672,18.7261,18.5148,14.4313,8.4303,3.938,3.8116,BritishColumbia,HumoFerricPodzol,Brown,1.2,Fine,4.8000002,70,0.57,0.07,28,0,0.0434,0.0434,0.0294,0.0294,35.8848,0,144.4744
Farm15,0.6,2025,2024,Vegetables,Reduced,0,0,0,0,0.02,0.02,0.01,0.01,0,5,0.45,45.3592,CashCrop,0,0,No,RainFed,0,0.8,80,100,100,2,No,0,1.78,0.23,Custom,118.5,100.31,111.76,73.74,71.83,96.38,21.38,71.64,33.13,89.54,187.21,130.67,0.0915,0,0.3351,9.9384,59.9683,88.8482,141.7528,100.7137,72.1523,18.8652,0,0,-10.1265,-6.8686,-4.6894,0.4727,6.7903,10.7703,18.459,15.4719,12.3117,3.4358,-5.629,-7.1535,BritishColumbia,DystricBrunisol,Brown,1.35,Medium,5.1999998,90,0.76,0.04,11,0,0.0385,0.0385,0.0299,0.0299,74.76,0,143.2732
Farm16,0.004,2025,2022,OtherFieldCrops,Reduced,0,0,0,0,0.03325,0.00975,0.01,0.01,0,5,0.45,0.6,CashCrop,0,0,No,RainFed,0,0.1,10,100,100,2,No,0,1.78,0.23,Custom,210.73,95.09,148.99,117.18,117.87,103.35,32.01,16.48,9.79,134.92,160.31,214.24,8.288,12.6047,32.4013,45.7845,66.9851,95.297,129.8455,123.1047,84.197,51.9207,8.7036,3.3842,2.9832,3.1957,6.3255,6.86,10.2577,15.1707,19.0368,20.1123,16.4103,13.3065,2.7317,-0.5055,BritishColumbia,HumoFerricPodzol,Brown,0.8,Medium,4.3000002,250,0.1,0.18,35,0,0.0437,0.0437,0.0287,0.0287,0.4984,0,144.3652
Farm17,0.197,2025,2024,BerriesAndGrapes,Reduced,0,0,0,0,0.007,0.02,0.01,0.01,0,5,0.45,1000,CashCrop,0,0,No,RainFed,0,0.85,85,100,100,2,No,0,1.78,0.23,Custom,106.76,36.24,70.42,87.34,77.55,68.75,39.07,20.98,16.22,38.1,60.82,110.51,5.5112,9.1689,23.3928,30.5671,57.5645,89.7234,123.4629,119.4527,83.8202,49.2677,6.6066,2.2867,1.7184,2.0014,4.1177,4.2823,7.7261,13.0473,17.571,18.8058,14.7933,11.0961,1.6773,-0.4571,BritishColumbia,HumoFerricPodzol,Brown,1.5,Fine,4.9000001,50,0.33,0.2,85,0,0.02,0.02,0.0216,0.0216,24.5462,0,135.9568
Farm17,0.197,2025,2022,Vegetables,Reduced,0,0,0,0,0.02,0.02,0.01,0.01,0,5,0.45,66,CashCrop,0,0,No,RainFed,0,0.8,80,100,100,2,No,0,1.78,0.23,Custom,106.76,36.24,70.42,87.34,77.55,68.75,39.07,20.98,16.22,38.1,60.82,110.51,5.5112,9.1689,23.3928,30.5671,57.5645,89.7234,123.4629,119.4527,83.8202,49.2677,6.6066,2.2867,1.7184,2.0014,4.1177,4.2823,7.7261,13.0473,17.571,18.8058,14.7933,11.0961,1.6773,-0.4571,BritishColumbia,HumoFerricPodzol,Brown,1.5,Fine,4.9000001,50,0.33,0.2,85,0,0.02,0.02,0.0216,0.0216,24.5462,0,135.9568
Farm18,1.962,2025,2023,OtherFieldCrops,Reduced,0,0,0,0,0.03325,0.00975,0.01,0.01,0,5,0.45,12,CashCrop,0,0,No,RainFed,0,0.1,10,100,100,2,No,0,1.78,0.23,Custom,80.99,126.48,46.55,76.99,83.62,67.01,51,51.71,55.71,62.31,75.76,110.81,0.058,0,0,14.582,99.4217,111.2094,133.9733,105.5468,62.7298,25.7629,0.449,0.0475,-8.1742,-8.0404,-6.6426,0.6087,12.0074,14.508,17.6623,16.8671,11.2657,5.0665,-4.3433,-5.8916,BritishColumbia,GrayLuvisol,Brown,1.25,Coarse,6.8000002,100,0.1,0.58,48.000002,0,0.0354,0.0354,0.0316,0.0316,244.4652,0,142.891
Farm18,0.069,2025,2024,OtherFieldCrops,Reduced,0,0,0,0,0.03325,0.00975,0.01,0.01,0,5,0.45,3.6,CashCrop,0,0,No,RainFed,0,0.1,10,100,100,2,No,0,1.78,0.23,Custom,137.74,61.48,81.44,41.23,43.51,64.45,23.8,62.05,45.55,109.35,139.5,128.84,5.767,8.8801,27.3479,48.5269,85.0051,93.0472,145.5332,102.9361,68.3434,28.2829,9.4482,7.5061,1.4932,2.3421,4.2929,5.9607,10.249,12.581,18.3048,17.6381,13.7053,7.8968,3.759,3.4819,BritishColumbia,DystricBrunisol,Brown,1.1,Coarse,4.8000002,80,0.25,0.15,40.999999,0,0.0315,0.0315,0.0263,0.0263,8.5974,0,140.3794
Farm18,0.069,2025,2025,OtherFieldCrops,Reduced,0,0,0,0,0.03325,0.00975,0.01,0.01,0,5,0.45,3.6,CashCrop,0,0,No,RainFed,0,0.1,10,100,100,2,No,0,1.78,0.23,Custom,137.74,61.48,81.44,41.23,43.51,64.45,23.8,62.05,45.55,109.35,139.5,128.84,5.767,8.8801,27.3479,48.5269,85.0051,93.0472,145.5332,102.9361,68.3434,28.2829,9.4482,7.5061,1.4932,2.3421,4.2929,5.9607,10.249,12.581,18.3048,17.6381,13.7053,7.8968,3.759,3.4819,BritishColumbia,DystricBrunisol,Brown,1.1,Coarse,4.8000002,80,0.25,0.15,40.999999,0,0.0316,0.0316,0.0263,0.0263,8.5974,0,140.4067
Farm19,4.804,2025,2022,BerriesAndGrapes,Reduced,0,0,0,0,0.007,0.02,0.01,0.01,0,5,0.45,829.4,CashCrop,0,0,No,RainFed,0,0.85,85,100,100,2,No,0,1.78,0.23,Custom,284.15,113.87,181.73,183.62,182.58,122.59,45.15,30.03,25.51,159.29,161.07,282.72,2.7508,4.0598,14.6639,27.3726,54.9976,88.7844,126.1289,119.9943,79.7894,47.9274,3.306,1.4211,-0.0213,-0.6364,2.2497,3.4883,7.4755,13.1317,17.7619,18.9797,14.675,11.2881,-0.2497,-3.3394,BritishColumbia,HumoFerricPodzol,Brown,0.8,Medium,4.6999998,150,0.65,0.04,25,0,0.0946,0.0946,0.0358,0.0358,598.5784,0,160.1992
Farm20,0.8,2025,2021,BerriesAndGrapes,Reduced,0,0,0,0,0.007,0.02,0.01,0.01,0,5,0.45,10,CashCrop,0,0,No,RainFed,0,0.85,85,100,100,2,No,0,1.78,0.23,Custom,221.58,172.89,89.02,52.03,51.06,37.66,3,41.68,176.79,189.31,432.48,203.93,8.3225,7.7107,28.8637,65.812,91.1174,129.9392,142.0149,103.2353,61.5361,28.8936,12.2983,3.8372,3.4168,1.1761,5.2184,8.963,12.099,18.1163,18.7794,17.7897,14.4643,9.0116,6.5133,-0.7368,BritishColumbia,HumoFerricPodzol,Brown,0.8,Medium,4.6999998,150,0.65,0.04,25,0,0.067,0.067,0.0328,0.0328,99.68,0,151.8454
Farm21,0.235,2025,2023,OtherFieldCrops,Reduced,0,0,0,0,0.03325,0.00975,0.01,0.01,0,5,0.45,95.25432,CashCrop,0,0,No,RainFed,0,0.1,10,100,100,2,No,0,1.78,0.23,Custom,125.37,117.6,72.91,125.75,34.16,33.94,20.56,33.83,57.46,121.99,144.51,211.92,11.6857,12.6577,35.7662,47.4431,109.2211,119.7772,140.1285,113.2192,71.7313,42.3619,18.6572,12.6454,5.1606,4.2443,6.051,8.2047,14.8861,15.6163,18.4529,18.9113,15.3977,11.4113,7.2537,6.7732,BritishColumbia,HumicGleysol,Brown,1.2,Medium,6.1999998,150,0.25,0.15,24.000001,0,0.0279,0.0279,0.022,0.022,29.281,0,138.2227
Farm21,0.235,2025,2024,Potatoes,Reduced,0.736,0.239,0.015,0.01,0.015,0.02,0.01,0.01,0,5,0.45,11.3398,CashCrop,0,0,No,RainFed,0,0.75,75,100,100,0,No,0,1.78,0.23,Custom,125.37,117.6,72.91,125.75,34.16,33.94,20.56,33.83,57.46,121.99,144.51,211.92,11.6857,12.6577,35.7662,47.4431,109.2211,119.7772,140.1285,113.2192,71.7313,42.3619,18.6572,12.6454,5.1606,4.2443,6.051,8.2047,14.8861,15.6163,18.4529,18.9113,15.3977,11.4113,7.2537,6.7732,BritishColumbia,HumicGleysol,Brown,1.2,Medium,6.1999998,150,0.25,0.15,24.000001,-1375.6818,0.3058,0.3058,0.1665,0.1665,29.281,0,5297.7045
Farm21,0.235,2025,2023,Safflower,Reduced,0,0,0,0,0.024,0.01,0.01,0.01,0,5,0.45,9.979024,CashCrop,0,0,No,RainFed,0,0.02,2,100,100,2,No,0,1.78,0.23,Custom,125.37,117.6,72.91,125.75,34.16,33.94,20.56,33.83,57.46,121.99,144.51,211.92,11.6857,12.6577,35.7662,47.4431,109.2211,119.7772,140.1285,113.2192,71.7313,42.3619,18.6572,12.6454,5.1606,4.2443,6.051,8.2047,14.8861,15.6163,18.4529,18.9113,15.3977,11.4113,7.2537,6.7732,BritishColumbia,HumicGleysol,Brown,1.2,Medium,6.1999998,150,0.25,0.15,24.000001,-460.2139,0.0812,0.0812,0.0496,0.0496,29.281,0,1847.759367
Farm21,0.313,2025,2023,OtherFieldCrops,Reduced,0,0,0,0,0.03325,0.00975,0.01,0.01,0,5,0.45,100.7184,CashCrop,0,0,No,RainFed,0,0.1,10,100,100,2,No,0,1.78,0.23,Custom,125.37,117.6,72.91,125.75,34.16,33.94,20.56,33.83,57.46,121.99,144.51,211.92,11.6857,12.6577,35.7662,47.4431,109.2211,119.7772,140.1285,113.2192,71.7313,42.3619,18.6572,12.6454,5.1606,4.2443,6.051,8.2047,14.8861,15.6163,18.4529,18.9113,15.3977,11.4113,7.2537,6.7732,BritishColumbia,HumicGleysol,Brown,1.2,Medium,6.1999998,150,0.25,0.15,24.000001,0,0.0279,0.0279,0.022,0.022,38.9998,0,138.2227
Farm22,0.52,2025,2021,Vegetables,Reduced,0,0,0,0,0.02,0.02,0.01,0.01,0,5,0.45,10,CashCrop,0,0,No,RainFed,0,0.8,80,100,100,2,No,0,1.78,0.23,Custom,214.22,132.68,81.47,46.06,43.11,38.22,4.16,28.28,163.05,183.95,369.57,172.09,12.3909,12.4283,33.7562,68.95,93.654,129.4601,144.2629,105.6691,62.7162,31.3922,14.6432,6.7979,5.2974,3.4432,6.4358,9.6127,12.6484,17.7973,19.4481,18.7687,14.991,10.1558,7.7773,1.8752,BritishColumbia,HumicGleysol,Brown,1.2,Medium,6.1999998,150,0.25,0.15,24.000001,0,0.0555,0.0555,0.0304,0.0304,64.792,0,148.0507
Farm23,4.132,2025,2023,Vegetables,Reduced,0,0,0,0,0.02,0.02,0.01,0.01,0,5,0.45,272,CashCrop,0,0,No,RainFed,0,0.8,80,100,100,2,No,0,2.39,0.23,Custom,50.15,61.33,19.97,37.83,56.27,41.79,17.87,39.14,35.9,35.64,45.65,62.66,0.0255,0.0021,0,21.0531,103.7115,111.0782,136.091,109.4437,63.0937,25.5783,0.7948,0.0642,-7.2439,-6.7125,-4.6632,1.9407,12.8384,14.399,18.1461,17.4929,11.378,4.9603,-2.4907,-4.5835,BritishColumbia,GrayLuvisol,Black,1.01,Coarse,5.6999998,150,0.37,0.08,13,0,0.0196,0.0196,0.0192,0.0192,691.2836,0,177.8924
Farm24,0.616,2025,2025,SugarBeets,Reduced,0.626,0.357,0.01,0.007,0.01,0.029,0.01,0.01,0,5,0.45,0,CashCrop,0,0,No,RainFed,0,0.8,80,100,100,0,No,0,1.78,0.23,Custom,38.7,74.88,129.24,45.6,54.71,25.25,18.84,43.88,-2986.36,0,0,0,10.1907,9.2689,30.4572,74.2202,98.6415,117.2405,146.9924,119.8482,44.2159,0,0,0,3.0558,2.17,5.8852,9.3513,11.5732,14.7357,18.1006,19.4239,-142.1216,0,0,0,BritishColumbia,DystricBrunisol,Brown,1,Fine,5.4000001,90,0.09,0.18,37,-78.1005,0.1477,0.1477,0.2219,0.2219,76.7536,0,511.8693
Farm25,1.7,2025,2024,Vegetables,Reduced,0,0,0,0,0.02,0.02,0.01,0.01,0,5,0.45,56.699,CashCrop,0,0,No,RainFed,0,0.8,80,100,100,2,No,0,1.78,0.23,Custom,156.02,67.3,80.38,52.36,48.71,40.22,16.51,66.04,48.08,130.11,134.51,132.1,8.7849,17.2568,36.1355,56.9242,86.6803,100.6924,148.0492,104.7291,69.8027,32.1571,13.5133,10.8088,3.3894,4.9586,6.3106,8.048,11.8855,14.496,19.889,18.7261,15.2967,9.4306,5.7817,5.0981,BritishColumbia,DystricBrunisol,Brown,0.15,Medium,4.6999998,50,-0.09,-0.09,482.000008,0,0.0344,0.0344,0.0257,0.0257,211.82,0,141.0073
Farm26,1.179,2025,2023,GrainCorn,Reduced,0.386,0.387,0.138,0.089,0.015,0.005,0.007,0.007,0,5,0.45,100,CashCrop,0,0,No,RainFed,0,0.15,15,100,100,2,No,0,1.78,0.23,Custom,125.37,117.6,72.91,125.75,34.16,33.94,20.56,33.83,57.46,121.99,144.51,211.92,11.6857,12.6577,35.7662,47.4431,109.2211,119.7772,140.1285,113.2192,71.7313,42.3619,18.6572,12.6454,5.1606,4.2443,6.051,8.2047,14.8861,15.6163,18.4529,18.9113,15.3977,11.4113,7.2537,6.7732,BritishColumbia,HumoFerricPodzol,Brown,0.8,Medium,4.6999998,150,0.65,0.04,25,-4920.5071,0.3395,0.3395,0.1841,0.1841,146.9034,0,18309.40217
Farm26,1.179,2025,2023,OtherFieldCrops,Reduced,0,0,0,0,0.03325,0.00975,0.01,0.01,0,5,0.45,20,CashCrop,0,0,No,RainFed,0,0.1,10,100,100,2,No,0,1.78,0.23,Custom,125.37,117.6,72.91,125.75,34.16,33.94,20.56,33.83,57.46,121.99,144.51,211.92,11.6857,12.6577,35.7662,47.4431,109.2211,119.7772,140.1285,113.2192,71.7313,42.3619,18.6572,12.6454,5.1606,4.2443,6.051,8.2047,14.8861,15.6163,18.4529,18.9113,15.3977,11.4113,7.2537,6.7732,BritishColumbia,HumoFerricPodzol,Brown,0.8,Medium,4.6999998,150,0.65,0.04,25,0,0.0277,0.0277,0.0218,0.0218,146.9034,0,138.1135
Farm27,0.01708,2025,2024,Vegetables,Reduced,0,0,0,0,0.02,0.02,0.01,0.01,0,5,0.45,5.692,CashCrop,0,0,No,RainFed,0,0.8,80,100,100,2,No,0,1.78,0.23,Custom,284.15,113.87,181.73,183.62,182.58,122.59,45.15,30.03,25.51,159.29,161.07,282.72,2.7508,4.0598,14.6639,27.3726,54.9976,88.7844,126.1289,119.9943,79.7894,47.9274,3.306,1.4211,-0.0213,-0.6364,2.2497,3.4883,7.4755,13.1317,17.7619,18.9797,14.675,11.2881,-0.2497,-3.3394,BritishColumbia,HumoFerricPodzol,Brown,0.8,Medium,4.6999998,150,0.65,0.04,25,0,0.0943,0.0943,0.0357,0.0357,2.1282,0,160.0918735
Farm27,0.01708,2025,2024,Vegetables,Reduced,0,0,0,0,0.02,0.02,0.01,0.01,0,5,0.45,2.795,CashCrop,0,0,No,RainFed,0,0.8,80,100,100,2,No,0,1.78,0.23,Custom,284.15,113.87,181.73,183.62,182.58,122.59,45.15,30.03,25.51,159.29,161.07,282.72,2.7508,4.0598,14.6639,27.3726,54.9976,88.7844,126.1289,119.9943,79.7894,47.9274,3.306,1.4211,-0.0213,-0.6364,2.2497,3.4883,7.4755,13.1317,17.7619,18.9797,14.675,11.2881,-0.2497,-3.3394,BritishColumbia,HumoFerricPodzol,Brown,0.8,Medium,4.6999998,150,0.65,0.04,25,0,0.0943,0.0943,0.0357,0.0357,2.1282,0,160.0918735
Farm27,0.01708,2025,2024,Vegetables,Reduced,0,0,0,0,0.02,0.02,0.01,0.01,0,5,0.45,3.998,CashCrop,0,0,No,RainFed,0,0.8,80,100,100,2,No,0,1.78,0.23,Custom,284.15,113.87,181.73,183.62,182.58,122.59,45.15,30.03,25.51,159.29,161.07,282.72,2.7508,4.0598,14.6639,27.3726,54.9976,88.7844,126.1289,119.9943,79.7894,47.9274,3.306,1.4211,-0.0213,-0.6364,2.2497,3.4883,7.4755,13.1317,17.7619,18.9797,14.675,11.2881,-0.2497,-3.3394,BritishColumbia,HumoFerricPodzol,Brown,0.8,Medium,4.6999998,150,0.65,0.04,25,0,0.0943,0.0943,0.0357,0.0357,2.1282,0,160.0918735
Farm27,0.01708,2025,2024,Vegetables,Reduced,0,0,0,0,0.02,0.02,0.01,0.01,0,5,0.45,3.66,CashCrop,0,0,No,RainFed,0,0.8,80,100,100,2,No,0,1.78,0.23,Custom,284.15,113.87,181.73,183.62,182.58,122.59,45.15,30.03,25.51,159.29,161.07,282.72,2.7508,4.0598,14.6639,27.3726,54.9976,88.7844,126.1289,119.9943,79.7894,47.9274,3.306,1.4211,-0.0213,-0.6364,2.2497,3.4883,7.4755,13.1317,17.7619,18.9797,14.675,11.2881,-0.2497,-3.3394,BritishColumbia,HumoFerricPodzol,Brown,0.8,Medium,4.6999998,150,0.65,0.04,25,0,0.0943,0.0943,0.0357,0.0357,2.1282,0,160.0918735
Farm27,0.451,2025,2023,BerriesAndGrapes,Reduced,0,0,0,0,0.007,0.02,0.01,0.01,0,5,0.45,901.4,CashCrop,0,0,No,RainFed,0,0.85,85,100,100,2,No,0,1.78,0.23,Custom,284.15,113.87,181.73,183.62,182.58,122.59,45.15,30.03,25.51,159.29,161.07,282.72,2.7508,4.0598,14.6639,27.3726,54.9976,88.7844,126.1289,119.9943,79.7894,47.9274,3.306,1.4211,-0.0213,-0.6364,2.2497,3.4883,7.4755,13.1317,17.7619,18.9797,14.675,11.2881,-0.2497,-3.3394,BritishColumbia,HumoFerricPodzol,Brown,0.8,Medium,4.6999998,150,0.65,0.04,25,0,0.0946,0.0946,0.0358,0.0358,56.1946,0,160.1992
Farm27,0.451,2025,2022,Vegetables,Reduced,0,0,0,0,0.02,0.02,0.01,0.01,0,5,0.45,1312,CashCrop,0,0,No,RainFed,0,0.8,80,100,100,2,No,0,1.78,0.23,Custom,284.15,113.87,181.73,183.62,182.58,122.59,45.15,30.03,25.51,159.29,161.07,282.72,2.7508,4.0598,14.6639,27.3726,54.9976,88.7844,126.1289,119.9943,79.7894,47.9274,3.306,1.4211,-0.0213,-0.6364,2.2497,3.4883,7.4755,13.1317,17.7619,18.9797,14.675,11.2881,-0.2497,-3.3394,BritishColumbia,HumoFerricPodzol,Brown,0.8,Medium,4.6999998,150,0.65,0.04,25,-1.8498,0.0975,0.0975,0.0367,0.0367,56.1946,0,168.0192
Farm27,0.451,2025,2023,Vegetables,Reduced,0,0,0,0,0.02,0.02,0.01,0.01,0,5,0.45,3009.165728,CashCrop,0,0,No,RainFed,0,0.8,80,100,100,2,No,0,1.78,0.23,Custom,284.15,113.87,181.73,183.62,182.58,122.59,45.15,30.03,25.51,159.29,161.07,282.72,2.7508,4.0598,14.6639,27.3726,54.9976,88.7844,126.1289,119.9943,79.7894,47.9274,3.306,1.4211,-0.0213,-0.6364,2.2497,3.4883,7.4755,13.1317,17.7619,18.9797,14.675,11.2881,-0.2497,-3.3394,BritishColumbia,HumoFerricPodzol,Brown,0.8,Medium,4.6999998,150,0.65,0.04,25,2.7748,0.0984,0.0984,0.0364,0.0364,56.1946,0,151.2261333
Farm27,0.01708,2025,2024,Vegetables,Reduced,0,0,0,0,0.02,0.02,0.01,0.01,0,5,0.45,2.76,CashCrop,0,0,No,RainFed,0,0.8,80,100,100,2,No,0,1.78,0.23,Custom,284.15,113.87,181.73,183.62,182.58,122.59,45.15,30.03,25.51,159.29,161.07,282.72,2.7508,4.0598,14.6639,27.3726,54.9976,88.7844,126.1289,119.9943,79.7894,47.9274,3.306,1.4211,-0.0213,-0.6364,2.2497,3.4883,7.4755,13.1317,17.7619,18.9797,14.675,11.2881,-0.2497,-3.3394,BritishColumbia,HumoFerricPodzol,Brown,0.8,Medium,4.6999998,150,0.65,0.04,25,0,0.0943,0.0943,0.0357,0.0357,2.1282,0,160.0918735
Farm27,1.519,2025,2025,Vegetables,Reduced,0,0,0,0,0.02,0.02,0.01,0.01,0,5,0.45,78,CashCrop,0,0,No,RainFed,0,0.8,80,100,100,2,No,0,1.78,0.23,Custom,284.15,113.87,181.73,183.62,182.58,122.59,45.15,30.03,25.51,159.29,161.07,282.72,2.7508,4.0598,14.6639,27.3726,54.9976,88.7844,126.1289,119.9943,79.7894,47.9274,3.306,1.4211,-0.0213,-0.6364,2.2497,3.4883,7.4755,13.1317,17.7619,18.9797,14.675,11.2881,-0.2497,-3.3394,BritishColumbia,HumoFerricPodzol,Brown,0.8,Medium,4.6999998,150,0.65,0.04,25,0,0.0944,0.0944,0.0357,0.0357,189.2674,0,160.1173
Farm27,0.01708,2025,2024,Vegetables,Reduced,0,0,0,0,0.02,0.02,0.01,0.01,0,5,0.45,3.968,CashCrop,0,0,No,RainFed,0,0.8,80,100,100,2,No,0,1.78,0.23,Custom,284.15,113.87,181.73,183.62,182.58,122.59,45.15,30.03,25.51,159.29,161.07,282.72,2.7508,4.0598,14.6639,27.3726,54.9976,88.7844,126.1289,119.9943,79.7894,47.9274,3.306,1.4211,-0.0213,-0.6364,2.2497,3.4883,7.4755,13.1317,17.7619,18.9797,14.675,11.2881,-0.2497,-3.3394,BritishColumbia,HumoFerricPodzol,Brown,0.8,Medium,4.6999998,150,0.65,0.04,25,0,0.0943,0.0943,0.0357,0.0357,2.1282,0,160.0918735
Farm27,0.01708,2025,2024,Vegetables,Reduced,0,0,0,0,0.02,0.02,0.01,0.01,0,5,0.45,2.265,CashCrop,0,0,No,RainFed,0,0.8,80,100,100,2,No,0,1.78,0.23,Custom,284.15,113.87,181.73,183.62,182.58,122.59,45.15,30.03,25.51,159.29,161.07,282.72,2.7508,4.0598,14.6639,27.3726,54.9976,88.7844,126.1289,119.9943,79.7894,47.9274,3.306,1.4211,-0.0213,-0.6364,2.2497,3.4883,7.4755,13.1317,17.7619,18.9797,14.675,11.2881,-0.2497,-3.3394,BritishColumbia,HumoFerricPodzol,Brown,0.8,Medium,4.6999998,150,0.65,0.04,25,0,0.0943,0.0943,0.0357,0.0357,2.1282,0,160.0918735
Farm27,0.132,2025,2025,Vegetables,Reduced,0,0,0,0,0.02,0.02,0.01,0.01,0,5,0.45,0,CashCrop,0,0,No,RainFed,0,0.8,80,100,100,2,No,0,1.78,0.23,Custom,284.15,113.87,181.73,183.62,182.58,122.59,45.15,30.03,25.51,159.29,161.07,282.72,2.7508,4.0598,14.6639,27.3726,54.9976,88.7844,126.1289,119.9943,79.7894,47.9274,3.306,1.4211,-0.0213,-0.6364,2.2497,3.4883,7.4755,13.1317,17.7619,18.9797,14.675,11.2881,-0.2497,-3.3394,BritishColumbia,HumoFerricPodzol,Brown,0.8,Medium,4.6999998,150,0.65,0.04,25,0,0.0943,0.0943,0.0357,0.0357,16.4472,0,160.09
Farm27,0.01708,2025,2024,Vegetables,Reduced,0,0,0,0,0.02,0.02,0.01,0.01,0,5,0.45,4.36,CashCrop,0,0,No,RainFed,0,0.8,80,100,100,2,No,0,1.78,0.23,Custom,284.15,113.87,181.73,183.62,182.58,122.59,45.15,30.03,25.51,159.29,161.07,282.72,2.7508,4.0598,14.6639,27.3726,54.9976,88.7844,126.1289,119.9943,79.7894,47.9274,3.306,1.4211,-0.0213,-0.6364,2.2497,3.4883,7.4755,13.1317,17.7619,18.9797,14.675,11.2881,-0.2497,-3.3394,BritishColumbia,HumoFerricPodzol,Brown,0.8,Medium,4.6999998,150,0.65,0.04,25,0,0.0943,0.0943,0.0357,0.0357,2.1282,0,160.0918735
Farm27,0.01708,2025,2024,Vegetables,Reduced,0,0,0,0,0.02,0.02,0.01,0.01,0,5,0.45,6.57,CashCrop,0,0,No,RainFed,0,0.8,80,100,100,2,No,0,1.78,0.23,Custom,284.15,113.87,181.73,183.62,182.58,122.59,45.15,30.03,25.51,159.29,161.07,282.72,2.7508,4.0598,14.6639,27.3726,54.9976,88.7844,126.1289,119.9943,79.7894,47.9274,3.306,1.4211,-0.0213,-0.6364,2.2497,3.4883,7.4755,13.1317,17.7619,18.9797,14.675,11.2881,-0.2497,-3.3394,BritishColumbia,HumoFerricPodzol,Brown,0.8,Medium,4.6999998,150,0.65,0.04,25,0,0.0943,0.0943,0.0357,0.0357,2.1282,0,160.0918735
Farm27,0.535,2025,2024,Vegetables,Reduced,0,0,0,0,0.02,0.02,0.01,0.01,0,5,0.45,0,CashCrop,0,0,No,RainFed,0,0.8,80,100,100,2,No,0,1.78,0.23,Custom,284.15,113.87,181.73,183.62,182.58,122.59,45.15,30.03,25.51,159.29,161.07,282.72,2.7508,4.0598,14.6639,27.3726,54.9976,88.7844,126.1289,119.9943,79.7894,47.9274,3.306,1.4211,-0.0213,-0.6364,2.2497,3.4883,7.4755,13.1317,17.7619,18.9797,14.675,11.2881,-0.2497,-3.3394,BritishColumbia,HumoFerricPodzol,Brown,0.8,Medium,4.6999998,150,0.65,0.04,25,0,0.0943,0.0943,0.0357,0.0357,66.661,0,160.09
Farm27,0.01708,2025,2024,Vegetables,Reduced,0,0,0,0,0.02,0.02,0.01,0.01,0,5,0.45,5.29,CashCrop,0,0,No,RainFed,0,0.8,80,100,100,2,No,0,1.78,0.23,Custom,284.15,113.87,181.73,183.62,182.58,122.59,45.15,30.03,25.51,159.29,161.07,282.72,2.7508,4.0598,14.6639,27.3726,54.9976,88.7844,126.1289,119.9943,79.7894,47.9274,3.306,1.4211,-0.0213,-0.6364,2.2497,3.4883,7.4755,13.1317,17.7619,18.9797,14.675,11.2881,-0.2497,-3.3394,BritishColumbia,HumoFerricPodzol,Brown,0.8,Medium,4.6999998,150,0.65,0.04,25,0,0.0943,0.0943,0.0357,0.0357,2.1282,0,160.0918735
Farm27,0.01708,2025,2025,Soybeans,Reduced,0.304,0.455,0.146,0.095,0.067,0.006,0.01,0.01,0.7,5,0.45,73.2,CashCrop,0,0,No,RainFed,0,0.14,14,100,100,2,No,0,1.78,0.23,Custom,284.15,113.87,181.73,183.62,182.58,122.59,45.15,30.03,25.51,159.29,161.07,282.72,2.7508,4.0598,14.6639,27.3726,54.9976,88.7844,126.1289,119.9943,79.7894,47.9274,3.306,1.4211,-0.0213,-0.6364,2.2497,3.4883,7.4755,13.1317,17.7619,18.9797,14.675,11.2881,-0.2497,-3.3394,BritishColumbia,HumoFerricPodzol,Brown,0.8,Medium,4.6999998,150,0.65,0.04,25,-1806.433,0.6152,0.6152,0.2061,0.2061,2.1282,0,6972.40444
Farm27,0.01708,2025,2024,Vegetables,Reduced,0,0,0,0,0.02,0.02,0.01,0.01,0,5,0.45,3.816,CashCrop,0,0,No,RainFed,0,0.8,80,100,100,2,No,0,1.78,0.23,Custom,284.15,113.87,181.73,183.62,182.58,122.59,45.15,30.03,25.51,159.29,161.07,282.72,2.7508,4.0598,14.6639,27.3726,54.9976,88.7844,126.1289,119.9943,79.7894,47.9274,3.306,1.4211,-0.0213,-0.6364,2.2497,3.4883,7.4755,13.1317,17.7619,18.9797,14.675,11.2881,-0.2497,-3.3394,BritishColumbia,HumoFerricPodzol,Brown,0.8,Medium,4.6999998,150,0.65,0.04,25,0,0.0943,0.0943,0.0357,0.0357,2.1282,0,160.0918735
Farm27,0.897,2025,2024,Vegetables,Reduced,0,0,0,0,0.02,0.02,0.01,0.01,0,5,0.45,0,CashCrop,0,0,No,RainFed,0,0.8,80,100,100,2,No,0,1.78,0.23,Custom,284.15,113.87,181.73,183.62,182.58,122.59,45.15,30.03,25.51,159.29,161.07,282.72,2.7508,4.0598,14.6639,27.3726,54.9976,88.7844,126.1289,119.9943,79.7894,47.9274,3.306,1.4211,-0.0213,-0.6364,2.2497,3.4883,7.4755,13.1317,17.7619,18.9797,14.675,11.2881,-0.2497,-3.3394,BritishColumbia,HumoFerricPodzol,Brown,0.8,Medium,4.6999998,150,0.65,0.04,25,0,0.0943,0.0943,0.0357,0.0357,111.7662,0,160.09
Farm27,0.01708,2025,2025,Soybeans,Reduced,0.304,0.455,0.146,0.095,0.067,0.006,0.01,0.01,0.7,5,0.45,73.2,CashCrop,0,0,No,RainFed,0,0.14,14,100,100,2,No,0,1.78,0.23,Custom,284.15,113.87,181.73,183.62,182.58,122.59,45.15,30.03,25.51,159.29,161.07,282.72,2.7508,4.0598,14.6639,27.3726,54.9976,88.7844,126.1289,119.9943,79.7894,47.9274,3.306,1.4211,-0.0213,-0.6364,2.2497,3.4883,7.4755,13.1317,17.7619,18.9797,14.675,11.2881,-0.2497,-3.3394,BritishColumbia,HumoFerricPodzol,Brown,0.8,Medium,4.6999998,150,0.65,0.04,25,-1806.433,0.6152,0.6152,0.2061,0.2061,2.1282,0,6972.40444
Farm27,0.01708,2025,2024,Vegetables,Reduced,0,0,0,0,0.02,0.02,0.01,0.01,0,5,0.45,3.752,CashCrop,0,0,No,RainFed,0,0.8,80,100,100,2,No,0,1.78,0.23,Custom,284.15,113.87,181.73,183.62,182.58,122.59,45.15,30.03,25.51,159.29,161.07,282.72,2.7508,4.0598,14.6639,27.3726,54.9976,88.7844,126.1289,119.9943,79.7894,47.9274,3.306,1.4211,-0.0213,-0.6364,2.2497,3.4883,7.4755,13.1317,17.7619,18.9797,14.675,11.2881,-0.2497,-3.3394,BritishColumbia,HumoFerricPodzol,Brown,0.8,Medium,4.6999998,150,0.65,0.04,25,0,0.0943,0.0943,0.0357,0.0357,2.1282,0,160.0918735
Farm27,0.718,2025,2023,SugarBeets,Reduced,0.626,0.357,0.01,0.007,0.01,0.029,0.01,0.01,0,5,0.45,400,CashCrop,0,0,No,RainFed,0,0.8,80,100,100,0,No,0,1.78,0.23,Custom,284.15,113.87,181.73,183.62,182.58,122.59,45.15,30.03,25.51,159.29,161.07,282.72,2.7508,4.0598,14.6639,27.3726,54.9976,88.7844,126.1289,119.9943,79.7894,47.9274,3.306,1.4211,-0.0213,-0.6364,2.2497,3.4883,7.4755,13.1317,17.7619,18.9797,14.675,11.2881,-0.2497,-3.3394,BritishColumbia,HumoFerricPodzol,Brown,0.8,Medium,4.6999998,150,0.65,0.04,25,-3656.7171,3.8041,3.8041,1.25,1.25,89.4628,0,14912.332
Farm27,0.718,2025,2023,Vegetables,Reduced,0,0,0,0,0.02,0.02,0.01,0.01,0,5,0.45,81.2,CashCrop,0,0,No,RainFed,0,0.8,80,100,100,2,No,0,1.78,0.23,Custom,284.15,113.87,181.73,183.62,182.58,122.59,45.15,30.03,25.51,159.29,161.07,282.72,2.7508,4.0598,14.6639,27.3726,54.9976,88.7844,126.1289,119.9943,79.7894,47.9274,3.306,1.4211,-0.0213,-0.6364,2.2497,3.4883,7.4755,13.1317,17.7619,18.9797,14.675,11.2881,-0.2497,-3.3394,BritishColumbia,HumoFerricPodzol,Brown,0.8,Medium,4.6999998,150,0.65,0.04,25,0,0.0944,0.0944,0.0357,0.0357,89.4628,0,160.1173
Farm27,0.01708,2025,2024,Vegetables,Reduced,0,0,0,0,0.02,0.02,0.01,0.01,0,5,0.45,3.424,CashCrop,0,0,No,RainFed,0,0.8,80,100,100,2,No,0,1.78,0.23,Custom,284.15,113.87,181.73,183.62,182.58,122.59,45.15,30.03,25.51,159.29,161.07,282.72,2.7508,4.0598,14.6639,27.3726,54.9976,88.7844,126.1289,119.9943,79.7894,47.9274,3.306,1.4211,-0.0213,-0.6364,2.2497,3.4883,7.4755,13.1317,17.7619,18.9797,14.675,11.2881,-0.2497,-3.3394,BritishColumbia,HumoFerricPodzol,Brown,0.8,Medium,4.6999998,150,0.65,0.04,25,0,0.0943,0.0943,0.0357,0.0357,2.1282,0,160.0918735
Farm27,0.132,2025,2025,Vegetables,Reduced,0,0,0,0,0.02,0.02,0.01,0.01,0,5,0.45,0,CashCrop,0,0,No,RainFed,0,0.8,80,100,100,2,No,0,1.78,0.23,Custom,284.15,113.87,181.73,183.62,182.58,122.59,45.15,30.03,25.51,159.29,161.07,282.72,2.7508,4.0598,14.6639,27.3726,54.9976,88.7844,126.1289,119.9943,79.7894,47.9274,3.306,1.4211,-0.0213,-0.6364,2.2497,3.4883,7.4755,13.1317,17.7619,18.9797,14.675,11.2881,-0.2497,-3.3394,BritishColumbia,HumoFerricPodzol,Brown,0.8,Medium,4.6999998,150,0.65,0.04,25,0,0.0943,0.0943,0.0357,0.0357,16.4472,0,160.09
Farm27,0.01708,2025,2025,Soybeans,Reduced,0.304,0.455,0.146,0.095,0.067,0.006,0.01,0.01,0.7,5,0.45,73.2,CashCrop,0,0,No,RainFed,0,0.14,14,100,100,2,No,0,1.78,0.23,Custom,284.15,113.87,181.73,183.62,182.58,122.59,45.15,30.03,25.51,159.29,161.07,282.72,2.7508,4.0598,14.6639,27.3726,54.9976,88.7844,126.1289,119.9943,79.7894,47.9274,3.306,1.4211,-0.0213,-0.6364,2.2497,3.4883,7.4755,13.1317,17.7619,18.9797,14.675,11.2881,-0.2497,-3.3394,BritishColumbia,HumoFerricPodzol,Brown,0.8,Medium,4.6999998,150,0.65,0.04,25,-1806.433,0.6152,0.6152,0.2061,0.2061,2.1282,0,6972.40444
Farm27,0.01708,2025,2024,Vegetables,Reduced,0,0,0,0,0.02,0.02,0.01,0.01,0,5,0.45,6.031,CashCrop,0,0,No,RainFed,0,0.8,80,100,100,2,No,0,1.78,0.23,Custom,284.15,113.87,181.73,183.62,182.58,122.59,45.15,30.03,25.51,159.29,161.07,282.72,2.7508,4.0598,14.6639,27.3726,54.9976,88.7844,126.1289,119.9943,79.7894,47.9274,3.306,1.4211,-0.0213,-0.6364,2.2497,3.4883,7.4755,13.1317,17.7619,18.9797,14.675,11.2881,-0.2497,-3.3394,BritishColumbia,HumoFerricPodzol,Brown,0.8,Medium,4.6999998,150,0.65,0.04,25,0,0.0943,0.0943,0.0357,0.0357,2.1282,0,160.0918735
Farm27,0.535,2025,2024,Vegetables,Reduced,0,0,0,0,0.02,0.02,0.01,0.01,0,5,0.45,0,CashCrop,0,0,No,RainFed,0,0.8,80,100,100,2,No,0,1.78,0.23,Custom,284.15,113.87,181.73,183.62,182.58,122.59,45.15,30.03,25.51,159.29,161.07,282.72,2.7508,4.0598,14.6639,27.3726,54.9976,88.7844,126.1289,119.9943,79.7894,47.9274,3.306,1.4211,-0.0213,-0.6364,2.2497,3.4883,7.4755,13.1317,17.7619,18.9797,14.675,11.2881,-0.2497,-3.3394,BritishColumbia,HumoFerricPodzol,Brown,0.8,Medium,4.6999998,150,0.65,0.04,25,0,0.0943,0.0943,0.0357,0.0357,66.661,0,160.09
Farm27,0.535,2025,2025,Vegetables,Reduced,0,0,0,0,0.02,0.02,0.01,0.01,0,5,0.45,0,CashCrop,0,0,No,RainFed,0,0.8,80,100,100,2,No,0,1.78,0.23,Custom,284.15,113.87,181.73,183.62,182.58,122.59,45.15,30.03,25.51,159.29,161.07,282.72,2.7508,4.0598,14.6639,27.3726,54.9976,88.7844,126.1289,119.9943,79.7894,47.9274,3.306,1.4211,-0.0213,-0.6364,2.2497,3.4883,7.4755,13.1317,17.7619,18.9797,14.675,11.2881,-0.2497,-3.3394,BritishColumbia,HumoFerricPodzol,Brown,0.8,Medium,4.6999998,150,0.65,0.04,25,0,0.0943,0.0943,0.0357,0.0357,66.661,0,160.09
Farm27,0.01708,2025,2025,Soybeans,Reduced,0.304,0.455,0.146,0.095,0.067,0.006,0.01,0.01,0.7,5,0.45,73.2,CashCrop,0,0,No,RainFed,0,0.14,14,100,100,2,No,0,1.78,0.23,Custom,284.15,113.87,181.73,183.62,182.58,122.59,45.15,30.03,25.51,159.29,161.07,282.72,2.7508,4.0598,14.6639,27.3726,54.9976,88.7844,126.1289,119.9943,79.7894,47.9274,3.306,1.4211,-0.0213,-0.6364,2.2497,3.4883,7.4755,13.1317,17.7619,18.9797,14.675,11.2881,-0.2497,-3.3394,BritishColumbia,HumoFerricPodzol,Brown,0.8,Medium,4.6999998,150,0.65,0.04,25,-1806.433,0.6152,0.6152,0.2061,0.2061,2.1282,0,6972.40444
Farm27,0.01708,2025,2024,Vegetables,Reduced,0,0,0,0,0.02,0.02,0.01,0.01,0,5,0.45,6.667,CashCrop,0,0,No,RainFed,0,0.8,80,100,100,2,No,0,1.78,0.23,Custom,284.15,113.87,181.73,183.62,182.58,122.59,45.15,30.03,25.51,159.29,161.07,282.72,2.7508,4.0598,14.6639,27.3726,54.9976,88.7844,126.1289,119.9943,79.7894,47.9274,3.306,1.4211,-0.0213,-0.6364,2.2497,3.4883,7.4755,13.1317,17.7619,18.9797,14.675,11.2881,-0.2497,-3.3394,BritishColumbia,HumoFerricPodzol,Brown,0.8,Medium,4.6999998,150,0.65,0.04,25,0,0.0943,0.0943,0.0357,0.0357,2.1282,0,160.0918735
Farm27,0.516,2025,2023,Vegetables,Reduced,0,0,0,0,0.02,0.02,0.01,0.01,0,5,0.45,152.32,CashCrop,0,0,No,RainFed,0,0.8,80,100,100,2,No,0,1.78,0.23,Custom,284.15,113.87,181.73,183.62,182.58,122.59,45.15,30.03,25.51,159.29,161.07,282.72,2.7508,4.0598,14.6639,27.3726,54.9976,88.7844,126.1289,119.9943,79.7894,47.9274,3.306,1.4211,-0.0213,-0.6364,2.2497,3.4883,7.4755,13.1317,17.7619,18.9797,14.675,11.2881,-0.2497,-3.3394,BritishColumbia,HumoFerricPodzol,Brown,0.8,Medium,4.6999998,150,0.65,0.04,25,0,0.0945,0.0945,0.0357,0.0357,64.2936,0,160.1446
Farm27,0.01708,2025,2024,Vegetables,Reduced,0,0,0,0,0.02,0.02,0.01,0.01,0,5,0.45,3.051,CashCrop,0,0,No,RainFed,0,0.8,80,100,100,2,No,0,1.78,0.23,Custom,284.15,113.87,181.73,183.62,182.58,122.59,45.15,30.03,25.51,159.29,161.07,282.72,2.7508,4.0598,14.6639,27.3726,54.9976,88.7844,126.1289,119.9943,79.7894,47.9274,3.306,1.4211,-0.0213,-0.6364,2.2497,3.4883,7.4755,13.1317,17.7619,18.9797,14.675,11.2881,-0.2497,-3.3394,BritishColumbia,HumoFerricPodzol,Brown,0.8,Medium,4.6999998,150,0.65,0.04,25,0,0.0943,0.0943,0.0357,0.0357,2.1282,0,160.0918735
Farm27,0.01708,2025,2025,Soybeans,Reduced,0.304,0.455,0.146,0.095,0.067,0.006,0.01,0.01,0.7,5,0.45,73.2,CashCrop,0,0,No,RainFed,0,0.14,14,100,100,2,No,0,1.78,0.23,Custom,284.15,113.87,181.73,183.62,182.58,122.59,45.15,30.03,25.51,159.29,161.07,282.72,2.7508,4.0598,14.6639,27.3726,54.9976,88.7844,126.1289,119.9943,79.7894,47.9274,3.306,1.4211,-0.0213,-0.6364,2.2497,3.4883,7.4755,13.1317,17.7619,18.9797,14.675,11.2881,-0.2497,-3.3394,BritishColumbia,HumoFerricPodzol,Brown,0.8,Medium,4.6999998,150,0.65,0.04,25,-1806.433,0.6152,0.6152,0.2061,0.2061,2.1282,0,6972.40444
Farm27,0.01708,2025,2024,Vegetables,Reduced,0,0,0,0,0.02,0.02,0.01,0.01,0,5,0.45,6.844,CashCrop,0,0,No,RainFed,0,0.8,80,100,100,2,No,0,1.78,0.23,Custom,284.15,113.87,181.73,183.62,182.58,122.59,45.15,30.03,25.51,159.29,161.07,282.72,2.7508,4.0598,14.6639,27.3726,54.9976,88.7844,126.1289,119.9943,79.7894,47.9274,3.306,1.4211,-0.0213,-0.6364,2.2497,3.4883,7.4755,13.1317,17.7619,18.9797,14.675,11.2881,-0.2497,-3.3394,BritishColumbia,HumoFerricPodzol,Brown,0.8,Medium,4.6999998,150,0.65,0.04,25,0,0.0943,0.0943,0.0357,0.0357,2.1282,0,160.0918735
Farm27,0.01708,2025,2025,Soybeans,Reduced,0.304,0.455,0.146,0.095,0.067,0.006,0.01,0.01,0.7,5,0.45,73.2,CashCrop,0,0,No,RainFed,0,0.14,14,100,100,2,No,0,1.78,0.23,Custom,284.15,113.87,181.73,183.62,182.58,122.59,45.15,30.03,25.51,159.29,161.07,282.72,2.7508,4.0598,14.6639,27.3726,54.9976,88.7844,126.1289,119.9943,79.7894,47.9274,3.306,1.4211,-0.0213,-0.6364,2.2497,3.4883,7.4755,13.1317,17.7619,18.9797,14.675,11.2881,-0.2497,-3.3394,BritishColumbia,HumoFerricPodzol,Brown,0.8,Medium,4.6999998,150,0.65,0.04,25,-1806.433,0.6152,0.6152,0.2061,0.2061,2.1282,0,6972.40444
Farm27,0.01708,2025,2024,Vegetables,Reduced,0,0,0,0,0.02,0.02,0.01,0.01,0,5,0.45,3.37,CashCrop,0,0,No,RainFed,0,0.8,80,100,100,2,No,0,1.78,0.23,Custom,284.15,113.87,181.73,183.62,182.58,122.59,45.15,30.03,25.51,159.29,161.07,282.72,2.7508,4.0598,14.6639,27.3726,54.9976,88.7844,126.1289,119.9943,79.7894,47.9274,3.306,1.4211,-0.0213,-0.6364,2.2497,3.4883,7.4755,13.1317,17.7619,18.9797,14.675,11.2881,-0.2497,-3.3394,BritishColumbia,HumoFerricPodzol,Brown,0.8,Medium,4.6999998,150,0.65,0.04,25,0,0.0943,0.0943,0.0357,0.0357,2.1282,0,160.0918735
Farm27,0.01708,2025,2024,Vegetables,Reduced,0,0,0,0,0.02,0.02,0.01,0.01,0,5,0.45,3.688,CashCrop,0,0,No,RainFed,0,0.8,80,100,100,2,No,0,1.78,0.23,Custom,284.15,113.87,181.73,183.62,182.58,122.59,45.15,30.03,25.51,159.29,161.07,282.72,2.7508,4.0598,14.6639,27.3726,54.9976,88.7844,126.1289,119.9943,79.7894,47.9274,3.306,1.4211,-0.0213,-0.6364,2.2497,3.4883,7.4755,13.1317,17.7619,18.9797,14.675,11.2881,-0.2497,-3.3394,BritishColumbia,HumoFerricPodzol,Brown,0.8,Medium,4.6999998,150,0.65,0.04,25,0,0.0943,0.0943,0.0357,0.0357,2.1282,0,160.0918735
Farm27,1.422,2025,2022,Potatoes,Reduced,0.736,0.239,0.015,0.01,0.015,0.02,0.01,0.01,0,5,0.45,772.8,CashCrop,0,0,No,RainFed,0,0.75,75,100,100,0,No,0,1.78,0.23,Custom,284.15,113.87,181.73,183.62,182.58,122.59,45.15,30.03,25.51,159.29,161.07,282.72,2.7508,4.0598,14.6639,27.3726,54.9976,88.7844,126.1289,119.9943,79.7894,47.9274,3.306,1.4211,-0.0213,-0.6364,2.2497,3.4883,7.4755,13.1317,17.7619,18.9797,14.675,11.2881,-0.2497,-3.3394,BritishColumbia,HumoFerricPodzol,Brown,0.8,Medium,4.6999998,150,0.65,0.04,25,-1346.5797,1.046,1.046,0.3472,0.3472,177.1812,0,5442.4025
Farm27,1.422,2025,2024,SugarBeets,Reduced,0.626,0.357,0.01,0.007,0.01,0.029,0.01,0.01,0,5,0.45,160,CashCrop,0,0,No,RainFed,0,0.8,80,100,100,0,No,0,1.78,0.23,Custom,284.15,113.87,181.73,183.62,182.58,122.59,45.15,30.03,25.51,159.29,161.07,282.72,2.7508,4.0598,14.6639,27.3726,54.9976,88.7844,126.1289,119.9943,79.7894,47.9274,3.306,1.4211,-0.0213,-0.6364,2.2497,3.4883,7.4755,13.1317,17.7619,18.9797,14.675,11.2881,-0.2497,-3.3394,BritishColumbia,HumoFerricPodzol,Brown,0.8,Medium,4.6999998,150,0.65,0.04,25,-3670.6493,3.8041,3.8041,1.25,1.25,177.1812,0,14963.41673
Farm27,1.422,2025,2023,Vegetables,Reduced,0,0,0,0,0.02,0.02,0.01,0.01,0,5,0.45,1003.25,CashCrop,0,0,No,RainFed,0,0.8,80,100,100,2,No,0,1.78,0.23,Custom,284.15,113.87,181.73,183.62,182.58,122.59,45.15,30.03,25.51,159.29,161.07,282.72,2.7508,4.0598,14.6639,27.3726,54.9976,88.7844,126.1289,119.9943,79.7894,47.9274,3.306,1.4211,-0.0213,-0.6364,2.2497,3.4883,7.4755,13.1317,17.7619,18.9797,14.675,11.2881,-0.2497,-3.3394,BritishColumbia,HumoFerricPodzol,Brown,0.8,Medium,4.6999998,150,0.65,0.04,25,0,0.0957,0.0957,0.0361,0.0361,177.1812,0,160.5814
Farm27,0.01708,2025,2025,Soybeans,Reduced,0.304,0.455,0.146,0.095,0.067,0.006,0.01,0.01,0.7,5,0.45,73.2,CashCrop,0,0,No,RainFed,0,0.14,14,100,100,2,No,0,1.78,0.23,Custom,284.15,113.87,181.73,183.62,182.58,122.59,45.15,30.03,25.51,159.29,161.07,282.72,2.7508,4.0598,14.6639,27.3726,54.9976,88.7844,126.1289,119.9943,79.7894,47.9274,3.306,1.4211,-0.0213,-0.6364,2.2497,3.4883,7.4755,13.1317,17.7619,18.9797,14.675,11.2881,-0.2497,-3.3394,BritishColumbia,HumoFerricPodzol,Brown,0.8,Medium,4.6999998,150,0.65,0.04,25,-1806.433,0.6152,0.6152,0.2061,0.2061,2.1282,0,6972.40444
Farm27,0.01708,2025,2024,Vegetables,Reduced,0,0,0,0,0.02,0.02,0.01,0.01,0,5,0.45,5.647,CashCrop,0,0,No,RainFed,0,0.8,80,100,100,2,No,0,1.78,0.23,Custom,284.15,113.87,181.73,183.62,182.58,122.59,45.15,30.03,25.51,159.29,161.07,282.72,2.7508,4.0598,14.6639,27.3726,54.9976,88.7844,126.1289,119.9943,79.7894,47.9274,3.306,1.4211,-0.0213,-0.6364,2.2497,3.4883,7.4755,13.1317,17.7619,18.9797,14.675,11.2881,-0.2497,-3.3394,BritishColumbia,HumoFerricPodzol,Brown,0.8,Medium,4.6999998,150,0.65,0.04,25,0,0.0943,0.0943,0.0357,0.0357,2.1282,0,160.0918735
Farm27,0.01708,2025,2025,Soybeans,Reduced,0.304,0.455,0.146,0.095,0.067,0.006,0.01,0.01,0.7,5,0.45,219.6,CashCrop,0,0,No,RainFed,0,0.14,14,100,100,2,No,0,1.78,0.23,Custom,284.15,113.87,181.73,183.62,182.58,122.59,45.15,30.03,25.51,159.29,161.07,282.72,2.7508,4.0598,14.6639,27.3726,54.9976,88.7844,126.1289,119.9943,79.7894,47.9274,3.306,1.4211,-0.0213,-0.6364,2.2497,3.4883,7.4755,13.1317,17.7619,18.9797,14.675,11.2881,-0.2497,-3.3394,BritishColumbia,HumoFerricPodzol,Brown,0.8,Medium,4.6999998,150,0.65,0.04,25,-1546.3701,0.6152,0.6152,0.2061,0.2061,2.1282,0,6018.840474
Farm27,0.01708,2025,2024,Vegetables,Reduced,0,0,0,0,0.02,0.02,0.01,0.01,0,5,0.45,3.301,CashCrop,0,0,No,RainFed,0,0.8,80,100,100,2,No,0,1.78,0.23,Custom,284.15,113.87,181.73,183.62,182.58,122.59,45.15,30.03,25.51,159.29,161.07,282.72,2.7508,4.0598,14.6639,27.3726,54.9976,88.7844,126.1289,119.9943,79.7894,47.9274,3.306,1.4211,-0.0213,-0.6364,2.2497,3.4883,7.4755,13.1317,17.7619,18.9797,14.675,11.2881,-0.2497,-3.3394,BritishColumbia,HumoFerricPodzol,Brown,0.8,Medium,4.6999998,150,0.65,0.04,25,0,0.0943,0.0943,0.0357,0.0357,2.1282,0,160.0918735
Farm27,2.15,2025,2022,Vegetables,Reduced,0,0,0,0,0.02,0.02,0.01,0.01,0,5,0.45,2327.893333,CashCrop,0,0,No,RainFed,0,0.8,80,100,100,2,No,0,1.78,0.23,Custom,284.15,113.87,181.73,183.62,182.58,122.59,45.15,30.03,25.51,159.29,161.07,282.72,2.7508,4.0598,14.6639,27.3726,54.9976,88.7844,126.1289,119.9943,79.7894,47.9274,3.306,1.4211,-0.0213,-0.6364,2.2497,3.4883,7.4755,13.1317,17.7619,18.9797,14.675,11.2881,-0.2497,-3.3394,BritishColumbia,HumoFerricPodzol,Brown,0.8,Medium,4.6999998,150,0.65,0.04,25,0,0.0977,0.0977,0.0367,0.0367,267.89,0,161.2912
Farm27,0.01708,2025,2024,Vegetables,Reduced,0,0,0,0,0.02,0.02,0.01,0.01,0,5,0.45,1.666,CashCrop,0,0,No,RainFed,0,0.8,80,100,100,2,No,0,1.78,0.23,Custom,284.15,113.87,181.73,183.62,182.58,122.59,45.15,30.03,25.51,159.29,161.07,282.72,2.7508,4.0598,14.6639,27.3726,54.9976,88.7844,126.1289,119.9943,79.7894,47.9274,3.306,1.4211,-0.0213,-0.6364,2.2497,3.4883,7.4755,13.1317,17.7619,18.9797,14.675,11.2881,-0.2497,-3.3394,BritishColumbia,HumoFerricPodzol,Brown,0.8,Medium,4.6999998,150,0.65,0.04,25,0,0.0943,0.0943,0.0357,0.0357,2.1282,0,160.0918735
Farm27,0.01708,2025,2024,Vegetables,Reduced,0,0,0,0,0.02,0.02,0.01,0.01,0,5,0.45,3.3,CashCrop,0,0,No,RainFed,0,0.8,80,100,100,2,No,0,1.78,0.23,Custom,284.15,113.87,181.73,183.62,182.58,122.59,45.15,30.03,25.51,159.29,161.07,282.72,2.7508,4.0598,14.6639,27.3726,54.9976,88.7844,126.1289,119.9943,79.7894,47.9274,3.306,1.4211,-0.0213,-0.6364,2.2497,3.4883,7.4755,13.1317,17.7619,18.9797,14.675,11.2881,-0.2497,-3.3394,BritishColumbia,HumoFerricPodzol,Brown,0.8,Medium,4.6999998,150,0.65,0.04,25,0,0.0943,0.0943,0.0357,0.0357,2.1282,0,160.0918735
Farm27,0.01708,2025,2024,Vegetables,Reduced,0,0,0,0,0.02,0.02,0.01,0.01,0,5,0.45,5.6,CashCrop,0,0,No,RainFed,0,0.8,80,100,100,2,No,0,1.78,0.23,Custom,284.15,113.87,181.73,183.62,182.58,122.59,45.15,30.03,25.51,159.29,161.07,282.72,2.7508,4.0598,14.6639,27.3726,54.9976,88.7844,126.1289,119.9943,79.7894,47.9274,3.306,1.4211,-0.0213,-0.6364,2.2497,3.4883,7.4755,13.1317,17.7619,18.9797,14.675,11.2881,-0.2497,-3.3394,BritishColumbia,HumoFerricPodzol,Brown,0.8,Medium,4.6999998,150,0.65,0.04,25,0,0.0943,0.0943,0.0357,0.0357,2.1282,0,160.0918735
Farm27,0.535,2025,2024,Vegetables,Reduced,0,0,0,0,0.02,0.02,0.01,0.01,0,5,0.45,0,CashCrop,0,0,No,RainFed,0,0.8,80,100,100,2,No,0,1.78,0.23,Custom,284.15,113.87,181.73,183.62,182.58,122.59,45.15,30.03,25.51,159.29,161.07,282.72,2.7508,4.0598,14.6639,27.3726,54.9976,88.7844,126.1289,119.9943,79.7894,47.9274,3.306,1.4211,-0.0213,-0.6364,2.2497,3.4883,7.4755,13.1317,17.7619,18.9797,14.675,11.2881,-0.2497,-3.3394,BritishColumbia,HumoFerricPodzol,Brown,0.8,Medium,4.6999998,150,0.65,0.04,25,0,0.0943,0.0943,0.0357,0.0357,66.661,0,160.09
Farm27,0.01708,2025,2024,Vegetables,Reduced,0,0,0,0,0.02,0.02,0.01,0.01,0,5,0.45,1.864,CashCrop,0,0,No,RainFed,0,0.8,80,100,100,2,No,0,1.78,0.23,Custom,284.15,113.87,181.73,183.62,182.58,122.59,45.15,30.03,25.51,159.29,161.07,282.72,2.7508,4.0598,14.6639,27.3726,54.9976,88.7844,126.1289,119.9943,79.7894,47.9274,3.306,1.4211,-0.0213,-0.6364,2.2497,3.4883,7.4755,13.1317,17.7619,18.9797,14.675,11.2881,-0.2497,-3.3394,BritishColumbia,HumoFerricPodzol,Brown,0.8,Medium,4.6999998,150,0.65,0.04,25,0,0.0943,0.0943,0.0357,0.0357,2.1282,0,160.0918735
Farm27,0.01708,2025,2024,Vegetables,Reduced,0,0,0,0,0.02,0.02,0.01,0.01,0,5,0.45,3.64,CashCrop,0,0,No,RainFed,0,0.8,80,100,100,2,No,0,1.78,0.23,Custom,284.15,113.87,181.73,183.62,182.58,122.59,45.15,30.03,25.51,159.29,161.07,282.72,2.7508,4.0598,14.6639,27.3726,54.9976,88.7844,126.1289,119.9943,79.7894,47.9274,3.306,1.4211,-0.0213,-0.6364,2.2497,3.4883,7.4755,13.1317,17.7619,18.9797,14.675,11.2881,-0.2497,-3.3394,BritishColumbia,HumoFerricPodzol,Brown,0.8,Medium,4.6999998,150,0.65,0.04,25,0,0.0943,0.0943,0.0357,0.0357,2.1282,0,160.0918735
Farm27,0.01708,2025,2024,Vegetables,Reduced,0,0,0,0,0.02,0.02,0.01,0.01,0,5,0.45,4.892,CashCrop,0,0,No,RainFed,0,0.8,80,100,100,2,No,0,1.78,0.23,Custom,284.15,113.87,181.73,183.62,182.58,122.59,45.15,30.03,25.51,159.29,161.07,282.72,2.7508,4.0598,14.6639,27.3726,54.9976,88.7844,126.1289,119.9943,79.7894,47.9274,3.306,1.4211,-0.0213,-0.6364,2.2497,3.4883,7.4755,13.1317,17.7619,18.9797,14.675,11.2881,-0.2497,-3.3394,BritishColumbia,HumoFerricPodzol,Brown,0.8,Medium,4.6999998,150,0.65,0.04,25,0,0.0943,0.0943,0.0357,0.0357,2.1282,0,160.0918735
Farm27,0.01708,2025,2024,Vegetables,Reduced,0,0,0,0,0.02,0.02,0.01,0.01,0,5,0.45,3.186,CashCrop,0,0,No,RainFed,0,0.8,80,100,100,2,No,0,1.78,0.23,Custom,284.15,113.87,181.73,183.62,182.58,122.59,45.15,30.03,25.51,159.29,161.07,282.72,2.7508,4.0598,14.6639,27.3726,54.9976,88.7844,126.1289,119.9943,79.7894,47.9274,3.306,1.4211,-0.0213,-0.6364,2.2497,3.4883,7.4755,13.1317,17.7619,18.9797,14.675,11.2881,-0.2497,-3.3394,BritishColumbia,HumoFerricPodzol,Brown,0.8,Medium,4.6999998,150,0.65,0.04,25,0,0.0943,0.0943,0.0357,0.0357,2.1282,0,160.0918735
Farm27,0.132,2025,2025,Vegetables,Reduced,0,0,0,0,0.02,0.02,0.01,0.01,0,5,0.45,0,CashCrop,0,0,No,RainFed,0,0.8,80,100,100,2,No,0,1.78,0.23,Custom,284.15,113.87,181.73,183.62,182.58,122.59,45.15,30.03,25.51,159.29,161.07,282.72,2.7508,4.0598,14.6639,27.3726,54.9976,88.7844,126.1289,119.9943,79.7894,47.9274,3.306,1.4211,-0.0213,-0.6364,2.2497,3.4883,7.4755,13.1317,17.7619,18.9797,14.675,11.2881,-0.2497,-3.3394,BritishColumbia,HumoFerricPodzol,Brown,0.8,Medium,4.6999998,150,0.65,0.04,25,0,0.0943,0.0943,0.0357,0.0357,16.4472,0,160.09
Farm27,0.01708,2025,2024,Vegetables,Reduced,0,0,0,0,0.02,0.02,0.01,0.01,0,5,0.45,4.48,CashCrop,0,0,No,RainFed,0,0.8,80,100,100,2,No,0,1.78,0.23,Custom,284.15,113.87,181.73,183.62,182.58,122.59,45.15,30.03,25.51,159.29,161.07,282.72,2.7508,4.0598,14.6639,27.3726,54.9976,88.7844,126.1289,119.9943,79.7894,47.9274,3.306,1.4211,-0.0213,-0.6364,2.2497,3.4883,7.4755,13.1317,17.7619,18.9797,14.675,11.2881,-0.2497,-3.3394,BritishColumbia,HumoFerricPodzol,Brown,0.8,Medium,4.6999998,150,0.65,0.04,25,0,0.0943,0.0943,0.0357,0.0357,2.1282,0,160.0918735
Farm27,0.01708,2025,2024,Vegetables,Reduced,0,0,0,0,0.02,0.02,0.01,0.01,0,5,0.45,3.6,CashCrop,0,0,No,RainFed,0,0.8,80,100,100,2,No,0,1.78,0.23,Custom,284.15,113.87,181.73,183.62,182.58,122.59,45.15,30.03,25.51,159.29,161.07,282.72,2.7508,4.0598,14.6639,27.3726,54.9976,88.7844,126.1289,119.9943,79.7894,47.9274,3.306,1.4211,-0.0213,-0.6364,2.2497,3.4883,7.4755,13.1317,17.7619,18.9797,14.675,11.2881,-0.2497,-3.3394,BritishColumbia,HumoFerricPodzol,Brown,0.8,Medium,4.6999998,150,0.65,0.04,25,0,0.0943,0.0943,0.0357,0.0357,2.1282,0,160.0918735
Farm27,0.01708,2025,2024,Vegetables,Reduced,0,0,0,0,0.02,0.02,0.01,0.01,0,5,0.45,4.501,CashCrop,0,0,No,RainFed,0,0.8,80,100,100,2,No,0,1.78,0.23,Custom,284.15,113.87,181.73,183.62,182.58,122.59,45.15,30.03,25.51,159.29,161.07,282.72,2.7508,4.0598,14.6639,27.3726,54.9976,88.7844,126.1289,119.9943,79.7894,47.9274,3.306,1.4211,-0.0213,-0.6364,2.2497,3.4883,7.4755,13.1317,17.7619,18.9797,14.675,11.2881,-0.2497,-3.3394,BritishColumbia,HumoFerricPodzol,Brown,0.8,Medium,4.6999998,150,0.65,0.04,25,0,0.0943,0.0943,0.0357,0.0357,2.1282,0,160.0918735
Farm27,0.01708,2025,2024,Vegetables,Reduced,0,0,0,0,0.02,0.02,0.01,0.01,0,5,0.45,3.146,CashCrop,0,0,No,RainFed,0,0.8,80,100,100,2,No,0,1.78,0.23,Custom,284.15,113.87,181.73,183.62,182.58,122.59,45.15,30.03,25.51,159.29,161.07,282.72,2.7508,4.0598,14.6639,27.3726,54.9976,88.7844,126.1289,119.9943,79.7894,47.9274,3.306,1.4211,-0.0213,-0.6364,2.2497,3.4883,7.4755,13.1317,17.7619,18.9797,14.675,11.2881,-0.2497,-3.3394,BritishColumbia,HumoFerricPodzol,Brown,0.8,Medium,4.6999998,150,0.65,0.04,25,0,0.0943,0.0943,0.0357,0.0357,2.1282,0,160.0918735
Farm28,17.439,2025,2021,BerriesAndGrapes,Reduced,0,0,0,0,0.007,0.02,0.01,0.01,0,5,0.45,5000,CashCrop,0,0,No,RainFed,0,0.85,85,100,100,2,No,0,1.78,0.23,Custom,214.22,132.68,81.47,46.06,43.11,38.22,4.16,28.28,163.05,183.95,369.57,172.09,13.407,13.2942,39.7034,75.487,103.2081,138.8536,151.5889,113.6059,70.6543,35.9821,16.1556,7.2277,5.2974,3.4432,6.4358,9.6127,12.6484,17.7973,19.4481,18.7687,14.991,10.1558,7.7773,1.8752,BritishColumbia,DystricBrunisol,Brown,0.15,Medium,4.6999998,50,-0.09,-0.09,482.000008,0,0.0617,0.0617,0.0291,0.0291,2172.8994,0,149.3884
Farm28,20.934,2025,2021,BerriesAndGrapes,Reduced,0,0,0,0,0.007,0.02,0.01,0.01,0,5,0.45,5090.7184,CashCrop,0,0,No,RainFed,0,0.85,85,100,100,2,No,0,1.78,0.23,Custom,214.22,132.68,81.47,46.06,43.11,38.22,4.16,28.28,163.05,183.95,369.57,172.09,13.407,13.2942,39.7034,75.487,103.2081,138.8536,151.5889,113.6059,70.6543,35.9821,16.1556,7.2277,5.2974,3.4432,6.4358,9.6127,12.6484,17.7973,19.4481,18.7687,14.991,10.1558,7.7773,1.8752,BritishColumbia,DystricBrunisol,Brown,0.15,Medium,4.6999998,50,-0.09,-0.09,482.000008,0,0.0617,0.0617,0.0291,0.0291,2608.3764,0,149.3884
Farm28,27.794,2025,2021,BerriesAndGrapes,Reduced,0,0,0,0,0.007,0.02,0.01,0.01,0,5,0.45,2500.907184,CashCrop,0,0,No,RainFed,0,0.85,85,100,100,2,No,0,1.78,0.23,Custom,214.22,132.68,81.47,46.06,43.11,38.22,4.16,28.28,163.05,183.95,369.57,172.09,13.407,13.2942,39.7034,75.487,103.2081,138.8536,151.5889,113.6059,70.6543,35.9821,16.1556,7.2277,5.2974,3.4432,6.4358,9.6127,12.6484,17.7973,19.4481,18.7687,14.991,10.1558,7.7773,1.8752,BritishColumbia,DystricBrunisol,Brown,0.15,Medium,4.6999998,50,-0.09,-0.09,482.000008,0,0.0611,0.0611,0.0289,0.0289,3463.1324,0,149.17
Farm28,10.86,2025,2021,BerriesAndGrapes,Reduced,0,0,0,0,0.007,0.02,0.01,0.01,0,5,0.45,11.3398,CashCrop,0,0,No,RainFed,0,0.85,85,100,100,2,No,0,1.78,0.23,Custom,214.22,132.68,81.47,46.06,43.11,38.22,4.16,28.28,163.05,183.95,369.57,172.09,13.407,13.2942,39.7034,75.487,103.2081,138.8536,151.5889,113.6059,70.6543,35.9821,16.1556,7.2277,5.2974,3.4432,6.4358,9.6127,12.6484,17.7973,19.4481,18.7687,14.991,10.1558,7.7773,1.8752,BritishColumbia,DystricBrunisol,Brown,0.15,Medium,4.6999998,50,-0.09,-0.09,482.000008,0,0.0605,0.0605,0.0287,0.0287,1353.156,0,148.9516
Farm28,10.59,2025,2021,BerriesAndGrapes,Reduced,0,0,0,0,0.007,0.02,0.01,0.01,0,5,0.45,6090.71844,CashCrop,0,0,No,RainFed,0,0.85,85,100,100,2,No,0,1.78,0.23,Custom,214.22,132.68,81.47,46.06,43.11,38.22,4.16,28.28,163.05,183.95,369.57,172.09,13.407,13.2942,39.7034,75.487,103.2081,138.8536,151.5889,113.6059,70.6543,35.9821,16.1556,7.2277,5.2974,3.4432,6.4358,9.6127,12.6484,17.7973,19.4481,18.7687,14.991,10.1558,7.7773,1.8752,BritishColumbia,DystricBrunisol,Brown,0.15,Medium,4.6999998,50,-0.09,-0.09,482.000008,0,0.062,0.062,0.0292,0.0292,1319.514,0,149.4976
Farm29,0.264,2025,2022,BerriesAndGrapes,Reduced,0,0,0,0,0.007,0.02,0.01,0.01,0,5,0.45,0,CashCrop,0,0,No,RainFed,0,0.85,85,100,100,2,No,0,1.78,0.23,Custom,221.58,172.89,89.02,52.03,51.06,37.66,3,41.68,176.79,189.31,432.48,203.93,8.3225,7.7107,28.8637,65.812,91.1174,129.9392,142.0149,103.2353,61.5361,28.8936,12.2983,3.8372,3.4168,1.1761,5.2184,8.963,12.099,18.1163,18.7794,17.7897,14.4643,9.0116,6.5133,-0.7368,BritishColumbia,HumoFerricPodzol,Brown,0.8,Medium,4.3000002,250,0.1,0.18,35,0,0.067,0.067,0.0328,0.0328,32.8944,0,151.8454
Farm29,0.111,2025,2022,BerriesAndGrapes,Reduced,0,0,0,0,0.007,0.02,0.01,0.01,0,5,0.45,0,CashCrop,0,0,No,RainFed,0,0.85,85,100,100,2,No,0,1.78,0.23,Custom,221.58,172.89,89.02,52.03,51.06,37.66,3,41.68,176.79,189.31,432.48,203.93,8.3225,7.7107,28.8637,65.812,91.1174,129.9392,142.0149,103.2353,61.5361,28.8936,12.2983,3.8372,3.4168,1.1761,5.2184,8.963,12.099,18.1163,18.7794,17.7897,14.4643,9.0116,6.5133,-0.7368,BritishColumbia,HumoFerricPodzol,Brown,0.8,Medium,4.3000002,250,0.1,0.18,35,0,0.067,0.067,0.0328,0.0328,13.8306,0,151.8454
Farm29,0.291,2025,2022,BerriesAndGrapes,Reduced,0,0,0,0,0.007,0.02,0.01,0.01,0,5,0.45,0,CashCrop,0,0,No,RainFed,0,0.85,85,100,100,2,No,0,1.78,0.23,Custom,221.58,172.89,89.02,52.03,51.06,37.66,3,41.68,176.79,189.31,432.48,203.93,8.3225,7.7107,28.8637,65.812,91.1174,129.9392,142.0149,103.2353,61.5361,28.8936,12.2983,3.8372,3.4168,1.1761,5.2184,8.963,12.099,18.1163,18.7794,17.7897,14.4643,9.0116,6.5133,-0.7368,BritishColumbia,HumoFerricPodzol,Brown,0.8,Medium,4.3000002,250,0.1,0.18,35,0,0.067,0.067,0.0328,0.0328,36.2586,0,151.8454
Farm29,0.155,2025,2022,BerriesAndGrapes,Reduced,0,0,0,0,0.007,0.02,0.01,0.01,0,5,0.45,0,CashCrop,0,0,No,RainFed,0,0.85,85,100,100,2,No,0,1.78,0.23,Custom,221.58,172.89,89.02,52.03,51.06,37.66,3,41.68,176.79,189.31,432.48,203.93,8.3225,7.7107,28.8637,65.812,91.1174,129.9392,142.0149,103.2353,61.5361,28.8936,12.2983,3.8372,3.4168,1.1761,5.2184,8.963,12.099,18.1163,18.7794,17.7897,14.4643,9.0116,6.5133,-0.7368,BritishColumbia,HumoFerricPodzol,Brown,0.8,Medium,4.3000002,250,0.1,0.18,35,0,0.067,0.067,0.0328,0.0328,19.313,0,151.8454
Farm29,0.014,2025,2022,BerriesAndGrapes,Reduced,0,0,0,0,0.007,0.02,0.01,0.01,0,5,0.45,0,CashCrop,0,0,No,RainFed,0,0.85,85,100,100,2,No,0,1.78,0.23,Custom,221.58,172.89,89.02,52.03,51.06,37.66,3,41.68,176.79,189.31,432.48,203.93,8.3225,7.7107,28.8637,65.812,91.1174,129.9392,142.0149,103.2353,61.5361,28.8936,12.2983,3.8372,3.4168,1.1761,5.2184,8.963,12.099,18.1163,18.7794,17.7897,14.4643,9.0116,6.5133,-0.7368,BritishColumbia,HumoFerricPodzol,Brown,0.8,Medium,4.3000002,250,0.1,0.18,35,0,0.067,0.067,0.0328,0.0328,1.7444,0,151.8454
Farm29,0.241,2025,2022,BerriesAndGrapes,Reduced,0,0,0,0,0.007,0.02,0.01,0.01,0,5,0.45,0,CashCrop,0,0,No,RainFed,0,0.85,85,100,100,2,No,0,1.78,0.23,Custom,221.58,172.89,89.02,52.03,51.06,37.66,3,41.68,176.79,189.31,432.48,203.93,8.3225,7.7107,28.8637,65.812,91.1174,129.9392,142.0149,103.2353,61.5361,28.8936,12.2983,3.8372,3.4168,1.1761,5.2184,8.963,12.099,18.1163,18.7794,17.7897,14.4643,9.0116,6.5133,-0.7368,BritishColumbia,HumoFerricPodzol,Brown,0.8,Medium,4.3000002,250,0.1,0.18,35,0,0.067,0.067,0.0328,0.0328,30.0286,0,151.8454
Farm29,0.123,2025,2022,BerriesAndGrapes,Reduced,0,0,0,0,0.007,0.02,0.01,0.01,0,5,0.45,0,CashCrop,0,0,No,RainFed,0,0.85,85,100,100,2,No,0,1.78,0.23,Custom,221.58,172.89,89.02,52.03,51.06,37.66,3,41.68,176.79,189.31,432.48,203.93,8.3225,7.7107,28.8637,65.812,91.1174,129.9392,142.0149,103.2353,61.5361,28.8936,12.2983,3.8372,3.4168,1.1761,5.2184,8.963,12.099,18.1163,18.7794,17.7897,14.4643,9.0116,6.5133,-0.7368,BritishColumbia,HumoFerricPodzol,Brown,0.8,Medium,4.3000002,250,0.1,0.18,35,0,0.067,0.067,0.0328,0.0328,15.3258,0,151.8454
Farm29,0.498,2025,2022,BerriesAndGrapes,Reduced,0,0,0,0,0.007,0.02,0.01,0.01,0,5,0.45,534.2,CashCrop,0,0,No,RainFed,0,0.85,85,100,100,2,No,0,1.78,0.23,Custom,221.58,172.89,89.02,52.03,51.06,37.66,3,41.68,176.79,189.31,432.48,203.93,8.3225,7.7107,28.8637,65.812,91.1174,129.9392,142.0149,103.2353,61.5361,28.8936,12.2983,3.8372,3.4168,1.1761,5.2184,8.963,12.099,18.1163,18.7794,17.7897,14.4643,9.0116,6.5133,-0.7368,BritishColumbia,HumoFerricPodzol,Brown,0.8,Medium,4.3000002,250,0.1,0.18,35,0,0.0671,0.0671,0.0328,0.0328,62.0508,0,151.8727
Farm29,0.335,2025,2022,BerriesAndGrapes,Reduced,0,0,0,0,0.007,0.02,0.01,0.01,0,5,0.45,0,CashCrop,0,0,No,RainFed,0,0.85,85,100,100,2,No,0,1.78,0.23,Custom,221.58,172.89,89.02,52.03,51.06,37.66,3,41.68,176.79,189.31,432.48,203.93,8.3225,7.7107,28.8637,65.812,91.1174,129.9392,142.0149,103.2353,61.5361,28.8936,12.2983,3.8372,3.4168,1.1761,5.2184,8.963,12.099,18.1163,18.7794,17.7897,14.4643,9.0116,6.5133,-0.7368,BritishColumbia,HumoFerricPodzol,Brown,0.8,Medium,4.3000002,250,0.1,0.18,35,0,0.067,0.067,0.0328,0.0328,41.741,0,151.8454
Farm29,0.392,2025,2022,BerriesAndGrapes,Reduced,0,0,0,0,0.007,0.02,0.01,0.01,0,5,0.45,0,CashCrop,0,0,No,RainFed,0,0.85,85,100,100,2,No,0,1.78,0.23,Custom,221.58,172.89,89.02,52.03,51.06,37.66,3,41.68,176.79,189.31,432.48,203.93,8.3225,7.7107,28.8637,65.812,91.1174,129.9392,142.0149,103.2353,61.5361,28.8936,12.2983,3.8372,3.4168,1.1761,5.2184,8.963,12.099,18.1163,18.7794,17.7897,14.4643,9.0116,6.5133,-0.7368,BritishColumbia,HumoFerricPodzol,Brown,0.8,Medium,4.3000002,250,0.1,0.18,35,0,0.067,0.067,0.0328,0.0328,48.8432,0,151.8454
Farm29,0.046,2025,2022,BerriesAndGrapes,Reduced,0,0,0,0,0.007,0.02,0.01,0.01,0,5,0.45,0,CashCrop,0,0,No,RainFed,0,0.85,85,100,100,2,No,0,1.78,0.23,Custom,221.58,172.89,89.02,52.03,51.06,37.66,3,41.68,176.79,189.31,432.48,203.93,8.3225,7.7107,28.8637,65.812,91.1174,129.9392,142.0149,103.2353,61.5361,28.8936,12.2983,3.8372,3.4168,1.1761,5.2184,8.963,12.099,18.1163,18.7794,17.7897,14.4643,9.0116,6.5133,-0.7368,BritishColumbia,HumoFerricPodzol,Brown,0.8,Medium,4.3000002,250,0.1,0.18,35,0,0.067,0.067,0.0328,0.0328,5.7316,0,151.8454
Farm29,0.029,2025,2022,BerriesAndGrapes,Reduced,0,0,0,0,0.007,0.02,0.01,0.01,0,5,0.45,0,CashCrop,0,0,No,RainFed,0,0.85,85,100,100,2,No,0,1.78,0.23,Custom,221.58,172.89,89.02,52.03,51.06,37.66,3,41.68,176.79,189.31,432.48,203.93,8.3225,7.7107,28.8637,65.812,91.1174,129.9392,142.0149,103.2353,61.5361,28.8936,12.2983,3.8372,3.4168,1.1761,5.2184,8.963,12.099,18.1163,18.7794,17.7897,14.4643,9.0116,6.5133,-0.7368,BritishColumbia,HumoFerricPodzol,Brown,0.8,Medium,4.3000002,250,0.1,0.18,35,0,0.067,0.067,0.0328,0.0328,3.6134,0,151.8454
Farm29,0.203,2025,2022,BerriesAndGrapes,Reduced,0,0,0,0,0.007,0.02,0.01,0.01,0,5,0.45,0,CashCrop,0,0,No,RainFed,0,0.85,85,100,100,2,No,0,1.78,0.23,Custom,221.58,172.89,89.02,52.03,51.06,37.66,3,41.68,176.79,189.31,432.48,203.93,8.3225,7.7107,28.8637,65.812,91.1174,129.9392,142.0149,103.2353,61.5361,28.8936,12.2983,3.8372,3.4168,1.1761,5.2184,8.963,12.099,18.1163,18.7794,17.7897,14.4643,9.0116,6.5133,-0.7368,BritishColumbia,HumoFerricPodzol,Brown,0.8,Medium,4.3000002,250,0.1,0.18,35,0,0.067,0.067,0.0328,0.0328,25.2938,0,151.8454
Farm29,0.027,2025,2022,BerriesAndGrapes,Reduced,0,0,0,0,0.007,0.02,0.01,0.01,0,5,0.45,0,CashCrop,0,0,No,RainFed,0,0.85,85,100,100,2,No,0,1.78,0.23,Custom,221.58,172.89,89.02,52.03,51.06,37.66,3,41.68,176.79,189.31,432.48,203.93,8.3225,7.7107,28.8637,65.812,91.1174,129.9392,142.0149,103.2353,61.5361,28.8936,12.2983,3.8372,3.4168,1.1761,5.2184,8.963,12.099,18.1163,18.7794,17.7897,14.4643,9.0116,6.5133,-0.7368,BritishColumbia,HumoFerricPodzol,Brown,0.8,Medium,4.3000002,250,0.1,0.18,35,0,0.067,0.067,0.0328,0.0328,3.3642,0,151.8454
Farm29,0.016,2025,2022,BerriesAndGrapes,Reduced,0,0,0,0,0.007,0.02,0.01,0.01,0,5,0.45,0,CashCrop,0,0,No,RainFed,0,0.85,85,100,100,2,No,0,1.78,0.23,Custom,221.58,172.89,89.02,52.03,51.06,37.66,3,41.68,176.79,189.31,432.48,203.93,8.3225,7.7107,28.8637,65.812,91.1174,129.9392,142.0149,103.2353,61.5361,28.8936,12.2983,3.8372,3.4168,1.1761,5.2184,8.963,12.099,18.1163,18.7794,17.7897,14.4643,9.0116,6.5133,-0.7368,BritishColumbia,HumoFerricPodzol,Brown,0.8,Medium,4.3000002,250,0.1,0.18,35,0,0.067,0.067,0.0328,0.0328,1.9936,0,151.8454
Farm29,0.218,2025,2022,BerriesAndGrapes,Reduced,0,0,0,0,0.007,0.02,0.01,0.01,0,5,0.45,390.08,CashCrop,0,0,No,RainFed,0,0.85,85,100,100,2,No,0,1.78,0.23,Custom,221.58,172.89,89.02,52.03,51.06,37.66,3,41.68,176.79,189.31,432.48,203.93,8.3225,7.7107,28.8637,65.812,91.1174,129.9392,142.0149,103.2353,61.5361,28.8936,12.2983,3.8372,3.4168,1.1761,5.2184,8.963,12.099,18.1163,18.7794,17.7897,14.4643,9.0116,6.5133,-0.7368,BritishColumbia,HumoFerricPodzol,Brown,0.8,Medium,4.3000002,250,0.1,0.18,35,0,0.0671,0.0671,0.0328,0.0328,27.1628,0,151.8727
Farm29,0.579,2025,2022,BerriesAndGrapes,Reduced,0,0,0,0,0.007,0.02,0.01,0.01,0,5,0.45,507.92,CashCrop,0,0,No,RainFed,0,0.85,85,100,100,2,No,0,1.78,0.23,Custom,221.58,172.89,89.02,52.03,51.06,37.66,3,41.68,176.79,189.31,432.48,203.93,8.3225,7.7107,28.8637,65.812,91.1174,129.9392,142.0149,103.2353,61.5361,28.8936,12.2983,3.8372,3.4168,1.1761,5.2184,8.963,12.099,18.1163,18.7794,17.7897,14.4643,9.0116,6.5133,-0.7368,BritishColumbia,HumoFerricPodzol,Brown,0.8,Medium,4.3000002,250,0.1,0.18,35,0,0.0671,0.0671,0.0328,0.0328,72.1434,0,151.8727
Farm29,0.027,2025,2021,BerriesAndGrapes,Reduced,0,0,0,0,0.007,0.02,0.01,0.01,0,5,0.45,272.14,CashCrop,0,0,No,RainFed,0,0.85,85,100,100,2,No,0,1.78,0.23,Custom,221.58,172.89,89.02,52.03,51.06,37.66,3,41.68,176.79,189.31,432.48,203.93,8.3225,7.7107,28.8637,65.812,91.1174,129.9392,142.0149,103.2353,61.5361,28.8936,12.2983,3.8372,3.4168,1.1761,5.2184,8.963,12.099,18.1163,18.7794,17.7897,14.4643,9.0116,6.5133,-0.7368,BritishColumbia,HumoFerricPodzol,Brown,0.8,Medium,4.3000002,250,0.1,0.18,35,0,0.0671,0.0671,0.0328,0.0328,3.3642,0,151.8727
Farm29,0.045,2025,2022,BerriesAndGrapes,Reduced,0,0,0,0,0.007,0.02,0.01,0.01,0,5,0.45,0,CashCrop,0,0,No,RainFed,0,0.85,85,100,100,2,No,0,1.78,0.23,Custom,221.58,172.89,89.02,52.03,51.06,37.66,3,41.68,176.79,189.31,432.48,203.93,8.3225,7.7107,28.8637,65.812,91.1174,129.9392,142.0149,103.2353,61.5361,28.8936,12.2983,3.8372,3.4168,1.1761,5.2184,8.963,12.099,18.1163,18.7794,17.7897,14.4643,9.0116,6.5133,-0.7368,BritishColumbia,HumoFerricPodzol,Brown,0.8,Medium,4.3000002,250,0.1,0.18,35,0,0.067,0.067,0.0328,0.0328,5.607,0,151.8454
Farm29,0.029,2025,2022,BerriesAndGrapes,Reduced,0,0,0,0,0.007,0.02,0.01,0.01,0,5,0.45,374.19,CashCrop,0,0,No,RainFed,0,0.85,85,100,100,2,No,0,1.78,0.23,Custom,221.58,172.89,89.02,52.03,51.06,37.66,3,41.68,176.79,189.31,432.48,203.93,8.3225,7.7107,28.8637,65.812,91.1174,129.9392,142.0149,103.2353,61.5361,28.8936,12.2983,3.8372,3.4168,1.1761,5.2184,8.963,12.099,18.1163,18.7794,17.7897,14.4643,9.0116,6.5133,-0.7368,BritishColumbia,HumoFerricPodzol,Brown,0.8,Medium,4.3000002,250,0.1,0.18,35,0,0.0671,0.0671,0.0328,0.0328,3.6134,0,151.8727
Farm29,0.823,2025,2022,OtherFieldCrops,Reduced,0,0,0,0,0.03325,0.00975,0.01,0.01,0,5,0.45,0,CashCrop,0,0,No,RainFed,0,0.1,10,100,100,2,No,0,1.78,0.23,Custom,221.58,172.89,89.02,52.03,51.06,37.66,3,41.68,176.79,189.31,432.48,203.93,8.3225,7.7107,28.8637,65.812,91.1174,129.9392,142.0149,103.2353,61.5361,28.8936,12.2983,3.8372,3.4168,1.1761,5.2184,8.963,12.099,18.1163,18.7794,17.7897,14.4643,9.0116,6.5133,-0.7368,BritishColumbia,HumoFerricPodzol,Brown,0.8,Medium,4.3000002,250,0.1,0.18,35,0,0.067,0.067,0.0328,0.0328,102.5458,0,151.8454
Farm29,0.027,2025,2022,BerriesAndGrapes,Reduced,0,0,0,0,0.007,0.02,0.01,0.01,0,5,0.45,0,CashCrop,0,0,No,RainFed,0,0.85,85,100,100,2,No,0,1.78,0.23,Custom,221.58,172.89,89.02,52.03,51.06,37.66,3,41.68,176.79,189.31,432.48,203.93,8.3225,7.7107,28.8637,65.812,91.1174,129.9392,142.0149,103.2353,61.5361,28.8936,12.2983,3.8372,3.4168,1.1761,5.2184,8.963,12.099,18.1163,18.7794,17.7897,14.4643,9.0116,6.5133,-0.7368,BritishColumbia,HumoFerricPodzol,Brown,0.8,Medium,4.3000002,250,0.1,0.18,35,0,0.067,0.067,0.0328,0.0328,3.3642,0,151.8454
Farm29,0.109,2025,2022,OtherFieldCrops,Reduced,0,0,0,0,0.03325,0.00975,0.01,0.01,0,5,0.45,0,CashCrop,0,0,No,RainFed,0,0.1,10,100,100,2,No,0,1.78,0.23,Custom,221.58,172.89,89.02,52.03,51.06,37.66,3,41.68,176.79,189.31,432.48,203.93,8.3225,7.7107,28.8637,65.812,91.1174,129.9392,142.0149,103.2353,61.5361,28.8936,12.2983,3.8372,3.4168,1.1761,5.2184,8.963,12.099,18.1163,18.7794,17.7897,14.4643,9.0116,6.5133,-0.7368,BritishColumbia,HumoFerricPodzol,Brown,0.8,Medium,4.3000002,250,0.1,0.18,35,0,0.067,0.067,0.0328,0.0328,13.5814,0,151.8454
Farm29,0.025,2025,2022,BerriesAndGrapes,Reduced,0,0,0,0,0.007,0.02,0.01,0.01,0,5,0.45,0,CashCrop,0,0,No,RainFed,0,0.85,85,100,100,2,No,0,1.78,0.23,Custom,221.58,172.89,89.02,52.03,51.06,37.66,3,41.68,176.79,189.31,432.48,203.93,8.3225,7.7107,28.8637,65.812,91.1174,129.9392,142.0149,103.2353,61.5361,28.8936,12.2983,3.8372,3.4168,1.1761,5.2184,8.963,12.099,18.1163,18.7794,17.7897,14.4643,9.0116,6.5133,-0.7368,BritishColumbia,HumoFerricPodzol,Brown,0.8,Medium,4.3000002,250,0.1,0.18,35,0,0.067,0.067,0.0328,0.0328,3.115,0,151.8454
Farm29,0.016,2025,2022,BerriesAndGrapes,Reduced,0,0,0,0,0.007,0.02,0.01,0.01,0,5,0.45,0,CashCrop,0,0,No,RainFed,0,0.85,85,100,100,2,No,0,1.78,0.23,Custom,221.58,172.89,89.02,52.03,51.06,37.66,3,41.68,176.79,189.31,432.48,203.93,8.3225,7.7107,28.8637,65.812,91.1174,129.9392,142.0149,103.2353,61.5361,28.8936,12.2983,3.8372,3.4168,1.1761,5.2184,8.963,12.099,18.1163,18.7794,17.7897,14.4643,9.0116,6.5133,-0.7368,BritishColumbia,HumoFerricPodzol,Brown,0.8,Medium,4.3000002,250,0.1,0.18,35,0,0.067,0.067,0.0328,0.0328,1.9936,0,151.8454
Farm29,0.158,2025,2022,BerriesAndGrapes,Reduced,0,0,0,0,0.007,0.02,0.01,0.01,0,5,0.45,0,CashCrop,0,0,No,RainFed,0,0.85,85,100,100,2,No,0,1.78,0.23,Custom,221.58,172.89,89.02,52.03,51.06,37.66,3,41.68,176.79,189.31,432.48,203.93,8.3225,7.7107,28.8637,65.812,91.1174,129.9392,142.0149,103.2353,61.5361,28.8936,12.2983,3.8372,3.4168,1.1761,5.2184,8.963,12.099,18.1163,18.7794,17.7897,14.4643,9.0116,6.5133,-0.7368,BritishColumbia,HumoFerricPodzol,Brown,0.8,Medium,4.3000002,250,0.1,0.18,35,0,0.067,0.067,0.0328,0.0328,19.6868,0,151.8454
Farm29,0.127,2025,2022,BerriesAndGrapes,Reduced,0,0,0,0,0.007,0.02,0.01,0.01,0,5,0.45,0,CashCrop,0,0,No,RainFed,0,0.85,85,100,100,2,No,0,1.78,0.23,Custom,221.58,172.89,89.02,52.03,51.06,37.66,3,41.68,176.79,189.31,432.48,203.93,8.3225,7.7107,28.8637,65.812,91.1174,129.9392,142.0149,103.2353,61.5361,28.8936,12.2983,3.8372,3.4168,1.1761,5.2184,8.963,12.099,18.1163,18.7794,17.7897,14.4643,9.0116,6.5133,-0.7368,BritishColumbia,HumoFerricPodzol,Brown,0.8,Medium,4.3000002,250,0.1,0.18,35,0,0.067,0.067,0.0328,0.0328,15.8242,0,151.8454
Farm29,0.022,2025,2022,BerriesAndGrapes,Reduced,0,0,0,0,0.007,0.02,0.01,0.01,0,5,0.45,0,CashCrop,0,0,No,RainFed,0,0.85,85,100,100,2,No,0,1.78,0.23,Custom,221.58,172.89,89.02,52.03,51.06,37.66,3,41.68,176.79,189.31,432.48,203.93,8.3225,7.7107,28.8637,65.812,91.1174,129.9392,142.0149,103.2353,61.5361,28.8936,12.2983,3.8372,3.4168,1.1761,5.2184,8.963,12.099,18.1163,18.7794,17.7897,14.4643,9.0116,6.5133,-0.7368,BritishColumbia,HumoFerricPodzol,Brown,0.8,Medium,4.3000002,250,0.1,0.18,35,0,0.067,0.067,0.0328,0.0328,2.7412,0,151.8454
Farm29,0.101,2025,2022,BerriesAndGrapes,Reduced,0,0,0,0,0.007,0.02,0.01,0.01,0,5,0.45,0,CashCrop,0,0,No,RainFed,0,0.85,85,100,100,2,No,0,1.78,0.23,Custom,221.58,172.89,89.02,52.03,51.06,37.66,3,41.68,176.79,189.31,432.48,203.93,8.3225,7.7107,28.8637,65.812,91.1174,129.9392,142.0149,103.2353,61.5361,28.8936,12.2983,3.8372,3.4168,1.1761,5.2184,8.963,12.099,18.1163,18.7794,17.7897,14.4643,9.0116,6.5133,-0.7368,BritishColumbia,HumoFerricPodzol,Brown,0.8,Medium,4.3000002,250,0.1,0.18,35,0,0.067,0.067,0.0328,0.0328,12.5846,0,151.8454
Farm29,0.024,2025,2022,BerriesAndGrapes,Reduced,0,0,0,0,0.007,0.02,0.01,0.01,0,5,0.45,0,CashCrop,0,0,No,RainFed,0,0.85,85,100,100,2,No,0,1.78,0.23,Custom,221.58,172.89,89.02,52.03,51.06,37.66,3,41.68,176.79,189.31,432.48,203.93,8.3225,7.7107,28.8637,65.812,91.1174,129.9392,142.0149,103.2353,61.5361,28.8936,12.2983,3.8372,3.4168,1.1761,5.2184,8.963,12.099,18.1163,18.7794,17.7897,14.4643,9.0116,6.5133,-0.7368,BritishColumbia,HumoFerricPodzol,Brown,0.8,Medium,4.3000002,250,0.1,0.18,35,0,0.067,0.067,0.0328,0.0328,2.9904,0,151.8454
Farm29,0.018,2025,2022,BerriesAndGrapes,Reduced,0,0,0,0,0.007,0.02,0.01,0.01,0,5,0.45,0,CashCrop,0,0,No,RainFed,0,0.85,85,100,100,2,No,0,1.78,0.23,Custom,221.58,172.89,89.02,52.03,51.06,37.66,3,41.68,176.79,189.31,432.48,203.93,8.3225,7.7107,28.8637,65.812,91.1174,129.9392,142.0149,103.2353,61.5361,28.8936,12.2983,3.8372,3.4168,1.1761,5.2184,8.963,12.099,18.1163,18.7794,17.7897,14.4643,9.0116,6.5133,-0.7368,BritishColumbia,HumoFerricPodzol,Brown,0.8,Medium,4.3000002,250,0.1,0.18,35,0,0.067,0.067,0.0328,0.0328,2.2428,0,151.8454
Farm29,0.093,2025,2021,BerriesAndGrapes,Reduced,0,0,0,0,0.007,0.02,0.01,0.01,0,5,0.45,222.34,CashCrop,0,0,No,RainFed,0,0.85,85,100,100,2,No,0,1.78,0.23,Custom,221.58,172.89,89.02,52.03,51.06,37.66,3,41.68,176.79,189.31,432.48,203.93,8.3225,7.7107,28.8637,65.812,91.1174,129.9392,142.0149,103.2353,61.5361,28.8936,12.2983,3.8372,3.4168,1.1761,5.2184,8.963,12.099,18.1163,18.7794,17.7897,14.4643,9.0116,6.5133,-0.7368,BritishColumbia,HumoFerricPodzol,Brown,0.8,Medium,4.3000002,250,0.1,0.18,35,-0.0073,0.067,0.067,0.0328,0.0328,11.5878,0,151.8721667
Farm29,0.093,2025,2022,BerriesAndGrapes,Reduced,0,0,0,0,0.007,0.02,0.01,0.01,0,5,0.45,231.33,CashCrop,0,0,No,RainFed,0,0.85,85,100,100,2,No,0,1.78,0.23,Custom,221.58,172.89,89.02,52.03,51.06,37.66,3,41.68,176.79,189.31,432.48,203.93,8.3225,7.7107,28.8637,65.812,91.1174,129.9392,142.0149,103.2353,61.5361,28.8936,12.2983,3.8372,3.4168,1.1761,5.2184,8.963,12.099,18.1163,18.7794,17.7897,14.4643,9.0116,6.5133,-0.7368,BritishColumbia,HumoFerricPodzol,Brown,0.8,Medium,4.3000002,250,0.1,0.18,35,0.0111,0.0671,0.0671,0.0328,0.0328,11.5878,0,151.832
Farm29,0.206,2025,2022,BerriesAndGrapes,Reduced,0,0,0,0,0.007,0.02,0.01,0.01,0,5,0.45,0,CashCrop,0,0,No,RainFed,0,0.85,85,100,100,2,No,0,1.78,0.23,Custom,221.58,172.89,89.02,52.03,51.06,37.66,3,41.68,176.79,189.31,432.48,203.93,8.3225,7.7107,28.8637,65.812,91.1174,129.9392,142.0149,103.2353,61.5361,28.8936,12.2983,3.8372,3.4168,1.1761,5.2184,8.963,12.099,18.1163,18.7794,17.7897,14.4643,9.0116,6.5133,-0.7368,BritishColumbia,HumoFerricPodzol,Brown,0.8,Medium,4.3000002,250,0.1,0.18,35,0,0.067,0.067,0.0328,0.0328,25.6676,0,151.8454
Farm29,0.02,2025,2022,BerriesAndGrapes,Reduced,0,0,0,0,0.007,0.02,0.01,0.01,0,5,0.45,0,CashCrop,0,0,No,RainFed,0,0.85,85,100,100,2,No,0,1.78,0.23,Custom,221.58,172.89,89.02,52.03,51.06,37.66,3,41.68,176.79,189.31,432.48,203.93,8.3225,7.7107,28.8637,65.812,91.1174,129.9392,142.0149,103.2353,61.5361,28.8936,12.2983,3.8372,3.4168,1.1761,5.2184,8.963,12.099,18.1163,18.7794,17.7897,14.4643,9.0116,6.5133,-0.7368,BritishColumbia,HumoFerricPodzol,Brown,0.8,Medium,4.3000002,250,0.1,0.18,35,0,0.067,0.067,0.0328,0.0328,2.492,0,151.8454
Farm29,0.014,2025,2022,BerriesAndGrapes,Reduced,0,0,0,0,0.007,0.02,0.01,0.01,0,5,0.45,0,CashCrop,0,0,No,RainFed,0,0.85,85,100,100,2,No,0,1.78,0.23,Custom,221.58,172.89,89.02,52.03,51.06,37.66,3,41.68,176.79,189.31,432.48,203.93,8.3225,7.7107,28.8637,65.812,91.1174,129.9392,142.0149,103.2353,61.5361,28.8936,12.2983,3.8372,3.4168,1.1761,5.2184,8.963,12.099,18.1163,18.7794,17.7897,14.4643,9.0116,6.5133,-0.7368,BritishColumbia,HumoFerricPodzol,Brown,0.8,Medium,4.3000002,250,0.1,0.18,35,0,0.067,0.067,0.0328,0.0328,1.7444,0,151.8454
Farm29,0.134,2025,2022,BerriesAndGrapes,Reduced,0,0,0,0,0.007,0.02,0.01,0.01,0,5,0.45,0,CashCrop,0,0,No,RainFed,0,0.85,85,100,100,2,No,0,1.78,0.23,Custom,221.58,172.89,89.02,52.03,51.06,37.66,3,41.68,176.79,189.31,432.48,203.93,8.3225,7.7107,28.8637,65.812,91.1174,129.9392,142.0149,103.2353,61.5361,28.8936,12.2983,3.8372,3.4168,1.1761,5.2184,8.963,12.099,18.1163,18.7794,17.7897,14.4643,9.0116,6.5133,-0.7368,BritishColumbia,HumoFerricPodzol,Brown,0.8,Medium,4.3000002,250,0.1,0.18,35,0,0.067,0.067,0.0328,0.0328,16.6964,0,151.8454
Farm29,0.035,2025,2022,BerriesAndGrapes,Reduced,0,0,0,0,0.007,0.02,0.01,0.01,0,5,0.45,0,CashCrop,0,0,No,RainFed,0,0.85,85,100,100,2,No,0,1.78,0.23,Custom,221.58,172.89,89.02,52.03,51.06,37.66,3,41.68,176.79,189.31,432.48,203.93,8.3225,7.7107,28.8637,65.812,91.1174,129.9392,142.0149,103.2353,61.5361,28.8936,12.2983,3.8372,3.4168,1.1761,5.2184,8.963,12.099,18.1163,18.7794,17.7897,14.4643,9.0116,6.5133,-0.7368,BritishColumbia,HumoFerricPodzol,Brown,0.8,Medium,4.3000002,250,0.1,0.18,35,0,0.067,0.067,0.0328,0.0328,4.361,0,151.8454
Farm29,0.087,2025,2022,BerriesAndGrapes,Reduced,0,0,0,0,0.007,0.02,0.01,0.01,0,5,0.45,0,CashCrop,0,0,No,RainFed,0,0.85,85,100,100,2,No,0,1.78,0.23,Custom,221.58,172.89,89.02,52.03,51.06,37.66,3,41.68,176.79,189.31,432.48,203.93,8.3225,7.7107,28.8637,65.812,91.1174,129.9392,142.0149,103.2353,61.5361,28.8936,12.2983,3.8372,3.4168,1.1761,5.2184,8.963,12.099,18.1163,18.7794,17.7897,14.4643,9.0116,6.5133,-0.7368,BritishColumbia,HumoFerricPodzol,Brown,0.8,Medium,4.3000002,250,0.1,0.18,35,0,0.067,0.067,0.0328,0.0328,10.8402,0,151.8454
Farm29,0.813,2025,2022,BerriesAndGrapes,Reduced,0,0,0,0,0.007,0.02,0.01,0.01,0,5,0.45,0,CashCrop,0,0,No,RainFed,0,0.85,85,100,100,2,No,0,1.78,0.23,Custom,221.58,172.89,89.02,52.03,51.06,37.66,3,41.68,176.79,189.31,432.48,203.93,8.3225,7.7107,28.8637,65.812,91.1174,129.9392,142.0149,103.2353,61.5361,28.8936,12.2983,3.8372,3.4168,1.1761,5.2184,8.963,12.099,18.1163,18.7794,17.7897,14.4643,9.0116,6.5133,-0.7368,BritishColumbia,HumoFerricPodzol,Brown,0.8,Medium,4.3000002,250,0.1,0.18,35,0,0.067,0.067,0.0328,0.0328,101.2998,0,151.8454
Farm29,0.117,2025,2022,BerriesAndGrapes,Reduced,0,0,0,0,0.007,0.02,0.01,0.01,0,5,0.45,3971.43,CashCrop,0,0,No,RainFed,0,0.85,85,100,100,2,No,0,1.78,0.23,Custom,221.58,172.89,89.02,52.03,51.06,37.66,3,41.68,176.79,189.31,432.48,203.93,8.3225,7.7107,28.8637,65.812,91.1174,129.9392,142.0149,103.2353,61.5361,28.8936,12.2983,3.8372,3.4168,1.1761,5.2184,8.963,12.099,18.1163,18.7794,17.7897,14.4643,9.0116,6.5133,-0.7368,BritishColumbia,HumoFerricPodzol,Brown,0.8,Medium,4.3000002,250,0.1,0.18,35,0,0.068,0.068,0.0332,0.0332,14.5782,0,152.2276
Farm30,0.765,2025,2020,DryPeas,Reduced,0.245,0.49,0.162,0.103,0.0704,0.0304,0.0225,0.0225,0,5,0.45,100,CashCrop,0,0,No,RainFed,0,0.13,13,100,100,2,No,0,1.78,0.23,Custom,556.39,165.22,147.87,61.46,108.79,119.11,57.96,80.42,147.38,207.73,327.09,335.42,3.2234,2.1885,7.9804,40.9308,83.5012,82.9187,111.595,105.3562,68.9753,27.8914,7.6658,3.8291,-0.3268,-0.4841,0.1455,5.2213,10.8216,12.407,15.6329,15.4829,14.8537,7.5858,2.78,0.8842,BritishColumbia,HumoFerricPodzol,Brown,0.8,Medium,4.6999998,150,0.65,0.04,25,-2557.6104,7.4528,7.4528,1.0249,1.0249,95.319,0,11816.9169
Farm30,0.765,2025,2020,Vegetables,Reduced,0,0,0,0,0.02,0.02,0.01,0.01,0,5,0.45,908,CashCrop,0,0,No,RainFed,0,0.8,80,100,100,2,No,0,1.78,0.23,Custom,556.39,165.22,147.87,61.46,108.79,119.11,57.96,80.42,147.38,207.73,327.09,335.42,3.2234,2.1885,7.9804,40.9308,83.5012,82.9187,111.595,105.3562,68.9753,27.8914,7.6658,3.8291,-0.3268,-0.4841,0.1455,5.2213,10.8216,12.407,15.6329,15.4829,14.8537,7.5858,2.78,0.8842,BritishColumbia,HumoFerricPodzol,Brown,0.8,Medium,4.6999998,150,0.65,0.04,25,0,0.2286,0.2286,0.0361,0.0361,95.319,0,196.8631
Farm31,1.31,2025,2024,Vegetables,Reduced,0,0,0,0,0.02,0.02,0.01,0.01,0,5,0.45,8844,CashCrop,0,0,No,RainFed,0,0.8,80,100,100,2,No,0,1.78,0.23,Custom,252.84,143.89,107.95,113.13,91.98,91.1,30.4,119.08,78.59,249.68,219.56,239.24,7.485,13.5648,33.8219,56.574,84.2535,98.2298,145.3637,102.7436,67.9045,30.7679,10.0213,8.2924,1.6384,4.0428,5.8971,7.931,11.3035,13.8203,19.0881,17.9316,14.5547,8.7235,4.046,3.8787,BritishColumbia,HumoFerricPodzol,Brown,0.8,Medium,4.6999998,150,0.65,0.04,25,0,0.1825,0.1825,0.0398,0.0398,163.226,0,185.2879
Farm32,0.019,2025,2024,Vegetables,Reduced,0,0,0,0,0.02,0.02,0.01,0.01,0,5,0.45,226.796,CashCrop,0,0,No,RainFed,0,0.8,80,100,100,2,No,0,1.78,0.23,Custom,245.07,117.53,106.45,95.37,78.27,69.05,22.77,99.83,72.7,231.19,206.39,213.38,10.0548,19.4276,38.4257,60.1263,87.2473,99.9078,145.4623,102.0884,68.5906,32.7732,14.1657,11.952,4.1829,5.7748,6.9984,8.738,12.0077,14.305,19.0797,17.741,14.789,9.6526,6.105,5.8148,BritishColumbia,HumicGleysol,Brown,1.1,Medium,4.0999999,220,0.02,0.28,11,0,0.0993,0.0993,0.0358,0.0358,2.3674,0,161.4823
Farm32,0.252,2025,2024,Vegetables,Reduced,0,0,0,0,0.02,0.02,0.01,0.01,0,5,0.45,2020.32,CashCrop,0,0,No,RainFed,0,0.8,80,100,100,2,No,0,1.78,0.23,Custom,245.07,117.53,106.45,95.37,78.27,69.05,22.77,99.83,72.7,231.19,206.39,213.38,10.0548,19.4276,38.4257,60.1263,87.2473,99.9078,145.4623,102.0884,68.5906,32.7732,14.1657,11.952,4.1829,5.7748,6.9984,8.738,12.0077,14.305,19.0797,17.741,14.789,9.6526,6.105,5.8148,BritishColumbia,HumicGleysol,Brown,1.1,Medium,4.0999999,220,0.02,0.28,11,0,0.102,0.102,0.0366,0.0366,31.3992,0,162.4378
Farm33,1.088,2025,2024,SugarBeets,Reduced,0.626,0.357,0.01,0.007,0.01,0.029,0.01,0.01,0,5,0.45,600,CashCrop,0,0,No,RainFed,0,0.8,80,100,100,0,No,0,1.78,0.23,Custom,252.84,143.89,107.95,113.13,91.98,91.1,30.4,119.08,78.59,249.68,219.56,239.24,7.485,13.5648,33.8219,56.574,84.2535,98.2298,145.3637,102.7436,67.9045,30.7679,10.0213,8.2924,1.6384,4.0428,5.8971,7.931,11.3035,13.8203,19.0881,17.9316,14.5547,8.7235,4.046,3.8787,BritishColumbia,HumoFerricPodzol,Brown,0.8,Medium,4.3000002,250,0.1,0.18,35,-3731.8428,6.6373,6.6373,1.2786,1.2786,135.5648,0,15969.0643
Farm33,0.075,2025,2024,Vegetables,Reduced,0,0,0,0,0.02,0.02,0.01,0.01,0,5,0.45,73.48,CashCrop,0,0,No,RainFed,0,0.8,80,100,100,2,No,0,1.78,0.23,Custom,245.07,117.53,106.45,95.37,78.27,69.05,22.77,99.83,72.7,231.19,206.39,213.38,10.0548,19.4276,38.4257,60.1263,87.2473,99.9078,145.4623,102.0884,68.5906,32.7732,14.1657,11.952,4.1829,5.7748,6.9984,8.738,12.0077,14.305,19.0797,17.741,14.789,9.6526,6.105,5.8148,BritishColumbia,HumicGleysol,Brown,1.1,Medium,4.0999999,220,0.02,0.28,11,0,0.0991,0.0991,0.0357,0.0357,9.345,0,161.4004
Farm34,3.73,2025,2024,SugarBeets,Reduced,0.626,0.357,0.01,0.007,0.01,0.029,0.01,0.01,0,5,0.45,100,CashCrop,0,0,No,RainFed,0,0.8,80,100,100,0,No,0,1.78,0.23,Custom,230.59,202.9,102.81,214.51,41.87,50.76,39.86,49.36,100.43,182.32,210.23,324.01,2.7058,2.3677,13.3664,29.1705,102.7883,114.8125,136.0628,109.4744,66.022,34.8434,8.2512,5.2343,0.0019,-1.0489,1.5839,4.141,13.2,14.313,17.2439,17.5661,12.965,8.6258,2.7983,2.2558,BritishColumbia,HumoFerricPodzol,Brown,0.8,Medium,4.6999998,150,0.65,0.04,25,-3760.8684,2.328,2.328,1.0365,1.0365,464.758,0,14832.9593
Farm34,13.541,2025,2024,BerriesAndGrapes,Reduced,0,0,0,0,0.007,0.02,0.01,0.01,0,5,0.45,100,CashCrop,0,0,No,RainFed,0,0.85,85,100,100,2,No,0,1.78,0.23,Custom,230.59,202.9,102.81,214.51,41.87,50.76,39.86,49.36,100.43,182.32,210.23,324.01,2.7058,2.3677,13.3664,29.1705,102.7883,114.8125,136.0628,109.4744,66.022,34.8434,8.2512,5.2343,0.0019,-1.0489,1.5839,4.141,13.2,14.313,17.2439,17.5661,12.965,8.6258,2.7983,2.2558,BritishColumbia,HumoFerricPodzol,Brown,0.8,Medium,4.6999998,150,0.65,0.04,25,0,0.0564,0.0564,0.0307,0.0307,1687.2086,0,148.3783
Farm34,13.541,2025,2023,OtherFieldCrops,Reduced,0,0,0,0,0.03325,0.00975,0.01,0.01,0,5,0.45,120,CashCrop,0,0,No,RainFed,0,0.1,10,100,100,2,No,0,1.78,0.23,Custom,230.59,202.9,102.81,214.51,41.87,50.76,39.86,49.36,100.43,182.32,210.23,324.01,2.7058,2.3677,13.3664,29.1705,102.7883,114.8125,136.0628,109.4744,66.022,34.8434,8.2512,5.2343,0.0019,-1.0489,1.5839,4.141,13.2,14.313,17.2439,17.5661,12.965,8.6258,2.7983,2.2558,BritishColumbia,HumoFerricPodzol,Brown,0.8,Medium,4.6999998,150,0.65,0.04,25,-1132.3804,0.8502,0.8502,0.3822,0.3822,1687.2086,0,4613.106667
Farm35,0.505,2025,2023,OtherFieldCrops,Reduced,0,0,0,0,0.03325,0.00975,0.01,0.01,0,5,0.45,26936,CashCrop,0,0,No,RainFed,0,0.1,10,100,100,2,No,0,1.78,0.23,Custom,230.59,202.9,102.81,214.51,41.87,50.76,39.86,49.36,100.43,182.32,210.23,324.01,2.7058,2.3677,13.3664,29.1705,102.7883,114.8125,136.0628,109.4744,66.022,34.8434,8.2512,5.2343,0.0019,-1.0489,1.5839,4.141,13.2,14.313,17.2439,17.5661,12.965,8.6258,2.7983,2.2558,BritishColumbia,HumoFerricPodzol,Brown,0.8,Medium,4.6999998,150,0.65,0.04,25,0,0.2299,0.2299,0.1075,0.1075,62.923,0,216.7102
Farm36,0.277,2025,2023,OtherFieldCrops,Reduced,0,0,0,0,0.03325,0.00975,0.01,0.01,0,5,0.45,1,CashCrop,0,0,No,RainFed,0,0.1,10,100,100,2,No,0,1.78,0.23,Custom,139.78,115.8,85.98,134.65,34.21,34.89,32.75,30.93,58.19,110.82,143.55,212.84,12.1512,11.9605,32.5445,47.363,111.9972,115.9949,139.223,112.3194,73.1169,41.1833,18.9606,13.4075,4.9029,3.6493,4.9455,6.7853,13.1335,13.6173,15.9848,17.0461,13.7487,10.3458,6.5787,6.4619,BritishColumbia,LuvicGleysol,Brown,1,Fine,5.1999998,270,0.14,0.26,74.000001,0,0.0259,0.0259,0.0219,0.0219,34.5142,0,137.6494
Farm36,0.277,2025,2023,Vegetables,Reduced,0,0,0,0,0.02,0.02,0.01,0.01,0,5,0.45,25,CashCrop,0,0,No,RainFed,0,0.8,80,100,100,2,No,0,1.78,0.23,Custom,139.78,115.8,85.98,134.65,34.21,34.89,32.75,30.93,58.19,110.82,143.55,212.84,12.1512,11.9605,32.5445,47.363,111.9972,115.9949,139.223,112.3194,73.1169,41.1833,18.9606,13.4075,4.9029,3.6493,4.9455,6.7853,13.1335,13.6173,15.9848,17.0461,13.7487,10.3458,6.5787,6.4619,BritishColumbia,LuvicGleysol,Brown,1,Fine,5.1999998,270,0.14,0.26,74.000001,0,0.0259,0.0259,0.0219,0.0219,34.5142,0,137.6494
Farm37,0.55,2025,2022,Vegetables,Reduced,0,0,0,0,0.02,0.02,0.01,0.01,0,5,0.45,680.388,CashCrop,0,0,No,RainFed,0,0.8,80,100,100,2,No,0,1.78,0.23,Custom,180.64,82.83,110.11,132.8,99.44,83.55,31.16,15.65,10.38,103.88,130.62,194.19,11.524,15.473,34.8761,46.4935,69.5239,96.9368,130.2284,122.9584,83.721,51.8261,14.6075,7.1255,4.1771,4.18,6.2416,6.1207,9.1055,13.1773,16.4423,17.8729,14.9063,12.2413,4.4343,2.3942,BritishColumbia,DystricBrunisol,Brown,1.2,Fine,5.3000002,20,0.75,0.09,23,0,0.0307,0.0307,0.0252,0.0252,68.53,0,139.8607
Farm37,2.218,2025,2022,OtherFieldCrops,Reduced,0,0,0,0,0.03325,0.00975,0.01,0.01,0,5,0.45,22.6796,CashCrop,0,0,No,RainFed,0,0.1,10,100,100,2,No,0,1.78,0.23,Custom,180.64,82.83,110.11,132.8,99.44,83.55,31.16,15.65,10.38,103.88,130.62,194.19,11.524,15.473,34.8761,46.4935,69.5239,96.9368,130.2284,122.9584,83.721,51.8261,14.6075,7.1255,4.1771,4.18,6.2416,6.1207,9.1055,13.1773,16.4423,17.8729,14.9063,12.2413,4.4343,2.3942,BritishColumbia,DystricBrunisol,Brown,1.2,Fine,5.3000002,20,0.75,0.09,23,0,0.0304,0.0304,0.025,0.025,276.3628,0,139.7242
Farm37,2.218,2025,2022,Vegetables,Reduced,0,0,0,0,0.02,0.02,0.01,0.01,0,5,0.45,2913.3092,CashCrop,0,0,No,RainFed,0,0.8,80,100,100,2,No,0,1.78,0.23,Custom,180.64,82.83,110.11,132.8,99.44,83.55,31.16,15.65,10.38,103.88,130.62,194.19,11.524,15.473,34.8761,46.4935,69.5239,96.9368,130.2284,122.9584,83.721,51.8261,14.6075,7.1255,4.1771,4.18,6.2416,6.1207,9.1055,13.1773,16.4423,17.8729,14.9063,12.2413,4.4343,2.3942,BritishColumbia,DystricBrunisol,Brown,1.2,Fine,5.3000002,20,0.75,0.09,23,0,0.0317,0.0317,0.0258,0.0258,276.3628,0,140.2975
Farm37,2.576,2025,2022,Vegetables,Reduced,0,0,0,0,0.02,0.02,0.01,0.01,0,5,0.45,453.592,CashCrop,0,0,No,RainFed,0,0.8,80,100,100,2,No,0,1.78,0.23,Custom,180.64,82.83,110.11,132.8,99.44,83.55,31.16,15.65,10.38,103.88,130.62,194.19,11.524,15.473,34.8761,46.4935,69.5239,96.9368,130.2284,122.9584,83.721,51.8261,14.6075,7.1255,4.1771,4.18,6.2416,6.1207,9.1055,13.1773,16.4423,17.8729,14.9063,12.2413,4.4343,2.3942,BritishColumbia,DystricBrunisol,Brown,1.2,Fine,5.3000002,20,0.75,0.09,23,0,0.0306,0.0306,0.0251,0.0251,320.9696,0,139.8061
Farm37,2.506,2025,2022,Vegetables,Reduced,0,0,0,0,0.02,0.02,0.01,0.01,0,5,0.45,13.60776,CashCrop,0,0,No,RainFed,0,0.8,80,100,100,2,No,0,1.78,0.23,Custom,180.64,82.83,110.11,132.8,99.44,83.55,31.16,15.65,10.38,103.88,130.62,194.19,11.524,15.473,34.8761,46.4935,69.5239,96.9368,130.2284,122.9584,83.721,51.8261,14.6075,7.1255,4.1771,4.18,6.2416,6.1207,9.1055,13.1773,16.4423,17.8729,14.9063,12.2413,4.4343,2.3942,BritishColumbia,DystricBrunisol,Brown,1.2,Fine,5.3000002,20,0.75,0.09,23,0,0.0304,0.0304,0.025,0.025,312.2476,0,139.7242
Farm37,4.864,2025,2022,Vegetables,Reduced,0,0,0,0,0.02,0.02,0.01,0.01,0,5,0.45,45.3592,CashCrop,0,0,No,RainFed,0,0.8,80,100,100,2,No,0,1.78,0.23,Custom,180.64,82.83,110.11,132.8,99.44,83.55,31.16,15.65,10.38,103.88,130.62,194.19,11.524,15.473,34.8761,46.4935,69.5239,96.9368,130.2284,122.9584,83.721,51.8261,14.6075,7.1255,4.1771,4.18,6.2416,6.1207,9.1055,13.1773,16.4423,17.8729,14.9063,12.2413,4.4343,2.3942,BritishColumbia,DystricBrunisol,Brown,1.2,Fine,5.3000002,20,0.75,0.09,23,0,0.0304,0.0304,0.025,0.025,606.0544,0,139.7242
Farm37,0.327,2025,2022,Mustard,Reduced,0.842,0,0.096,0.062,0.015,0,0.02,0.02,0,5,0.45,4.53592,CashCrop,0,0,No,RainFed,0,0.65,65,100,100,2,No,0,1.78,0.23,Custom,180.64,82.83,110.11,132.8,99.44,83.55,31.16,15.65,10.38,103.88,130.62,194.19,11.524,15.473,34.8761,46.4935,69.5239,96.9368,130.2284,122.9584,83.721,51.8261,14.6075,7.1255,4.1771,4.18,6.2416,6.1207,9.1055,13.1773,16.4423,17.8729,14.9063,12.2413,4.4343,2.3942,BritishColumbia,DystricBrunisol,Brown,1.2,Fine,5.3000002,20,0.75,0.09,23,-934.7901,0.1759,0.1759,0.1121,0.1121,40.7442,0,3630.7877
Farm38,3.916,2025,2022,OtherFieldCrops,Reduced,0,0,0,0,0.03325,0.00975,0.01,0.01,0,5,0.45,931700,CashCrop,0,0,No,RainFed,0,0.1,10,100,100,2,No,0,1.78,0.23,Custom,284.15,113.87,181.73,183.62,182.58,122.59,45.15,30.03,25.51,159.29,161.07,282.72,2.7508,4.0598,14.6639,27.3726,54.9976,88.7844,126.1289,119.9943,79.7894,47.9274,3.306,1.4211,-0.0213,-0.6364,2.2497,3.4883,7.4755,13.1317,17.7619,18.9797,14.675,11.2881,-0.2497,-3.3394,BritishColumbia,HumoFerricPodzol,Brown,0.8,Medium,4.6999998,150,0.65,0.04,25,4188.5518,5.221,5.221,1.7137,1.7137,487.9336,0,-13340.25017
Farm39,0.111,2025,2023,Vegetables,Reduced,0,0,0,0,0.02,0.02,0.01,0.01,0,5,0.45,3.52,CashCrop,0,0,No,RainFed,0,0.8,80,100,100,2,No,0,1.78,0.23,Custom,37.72,51.9,49.95,71.5,95.74,67.53,21.65,85.57,38.73,26.39,77.83,87.95,0,0,0,18.4471,96.3891,108.7591,140.5107,110.8479,63.4298,26.6162,0.289,0.1498,-8.59,-8.74,-7.2448,0.5077,12.1997,14.422,17.7929,17.2445,11.1467,4.531,-3.6437,-5.5435,BritishColumbia,GrayLuvisol,Brown,1.1,Medium,6.0999999,150,0.1,0.35,20,0,0.0302,0.0302,0.0248,0.0248,13.8306,0,139.615
Farm40,0.398,2025,2023,Vegetables,Reduced,0,0,0,0,0.02,0.02,0.01,0.01,0,5,0.45,272.1552,CashCrop,0,0,No,RainFed,0,0.8,80,100,100,2,No,0,1.78,0.23,Custom,124.04,89.33,54.78,129.14,36.15,31.3,45.04,49.65,55.37,106.96,118.4,170.94,7.0319,5.753,23.5138,40.2183,119.1621,128.6416,139.7189,112.8724,70.2771,38.1862,12.1656,8.643,2.8348,1.1832,3.5358,5.845,14.7484,15.6837,18.6532,18.4794,13.7997,9.7326,4.5737,4.31,BritishColumbia,HumoFerricPodzol,Brown,1.5,Fine,4.9000001,50,0.33,0.2,85,0,0.0292,0.0292,0.0226,0.0226,49.5908,0,138.7414
Farm40,0.277,2025,2023,Vegetables,Reduced,0,0,0,0,0.02,0.02,0.01,0.01,0,5,0.45,567.4064467,CashCrop,0,0,No,RainFed,0,0.8,80,100,100,2,No,0,1.78,0.23,Custom,124.04,89.33,54.78,129.14,36.15,31.3,45.04,49.65,55.37,106.96,118.4,170.94,7.0319,5.753,23.5138,40.2183,119.1621,128.6416,139.7189,112.8724,70.2771,38.1862,12.1656,8.643,2.8348,1.1832,3.5358,5.845,14.7484,15.6837,18.6532,18.4794,13.7997,9.7326,4.5737,4.31,BritishColumbia,HumoFerricPodzol,Brown,1.5,Fine,4.9000001,50,0.33,0.2,85,0,0.0294,0.0294,0.0227,0.0227,34.5142,0,138.8233
Farm41,2.612,2025,2022,SugarBeets,Reduced,0.626,0.357,0.01,0.007,0.01,0.029,0.01,0.01,0,5,0.45,100,CashCrop,0,0,No,RainFed,0,0.8,80,100,100,0,No,0,1.78,0.23,Custom,76.59,34.02,56.15,52.09,88.95,117,40.89,27.15,29.85,45.49,68.15,84.24,0.0979,0,0.5982,10.8488,41.5061,83.5977,136.6238,117.9814,70.7336,39.3139,0,0,-9.4261,-8.7196,-3.4023,-0.4843,5.5974,11.376,17.5439,18.0094,12.6393,7.3697,-9.64,-13.2535,BritishColumbia,HumoFerricPodzol,Brown,0.2,Medium,4.3000002,30,-0.09,-0.09,502.000008,-0.0175,0.0325,0.0325,0.0289,0.0289,325.4552,0,141.4263667
Farm42,0.013935469,2025,2024,Vegetables,Reduced,0,0,0,0,0.02,0.02,0.01,0.01,0,5,0.45,20.41164,CashCrop,0,0,No,RainFed,0,0.8,80,100,100,2,No,0,1.78,0.23,Custom,245.07,117.53,106.45,95.37,78.27,69.05,22.77,99.83,72.7,231.19,206.39,213.38,10.0548,19.4276,38.4257,60.1263,87.2473,99.9078,145.4623,102.0884,68.5906,32.7732,14.1657,11.952,4.1829,5.7748,6.9984,8.738,12.0077,14.305,19.0797,17.741,14.789,9.6526,6.105,5.8148,BritishColumbia,HumicGleysol,Brown,1.1,Medium,4.0999999,220,0.02,0.28,11,0,0.099,0.099,0.0357,0.0357,1.7364,0,161.3760107
Farm43,0.254,2025,2023,Vegetables,Reduced,0,0,0,0,0.02,0.02,0.01,0.01,0,5,0.45,14.4,CashCrop,0,0,No,RainFed,0,0.8,80,100,100,2,No,0,1.78,0.23,Custom,81.44,62.2,48.06,73.52,31.49,28.86,25.64,31,39.62,100.84,92.71,134.1,11.399,11.58,33.7504,50.384,121.1063,126.733,151.5691,119.4387,77.7653,42.9462,18.8609,12.6089,4.5945,3.4493,5.1784,7.4123,15.2823,16.2653,19.18,19.5152,15.5283,10.8732,6.4883,5.9571,BritishColumbia,DystricBrunisol,Brown,1.2,Fine,4.8000002,80,0.78,0.06,68.000002,0,0.0228,0.0228,0.0189,0.0189,31.6484,0,135.9841
Farm44,2.246,2025,2023,BeansDryField,Reduced,0.539,0.412,0.03,0.019,0.042,0.01,0.01,0.01,0,5,0.45,100,CashCrop,0,0,No,RainFed,0,0.13,13,100,100,2,No,0,1.78,0.23,Custom,122.37,147.9,90.11,126.51,45.87,44.76,18.23,49.56,67.53,104.63,170.72,219.72,8.2956,8.9645,30.5083,44.8089,109.4819,118.4887,139.2413,112.9897,70.6747,39.7995,14.493,10.0447,3.3248,2.42,4.8235,7.5847,14.9445,15.2387,18.1803,18.8345,14.886,10.7071,5.5157,5.1926,BritishColumbia,HumoFerricPodzol,Brown,0.25,Medium,3.2,100,-0.09,-0.09,580,-1727.0501,0.2689,0.2689,0.1477,0.1477,279.8516,0,6570.848833
Farm44,2.246,2025,2023,Vegetables,Reduced,0,0,0,0,0.02,0.02,0.01,0.01,0,5,0.45,378.56,CashCrop,0,0,No,RainFed,0,0.8,80,100,100,2,No,0,1.78,0.23,Custom,122.37,147.9,90.11,126.51,45.87,44.76,18.23,49.56,67.53,104.63,170.72,219.72,8.2956,8.9645,30.5083,44.8089,109.4819,118.4887,139.2413,112.9897,70.6747,39.7995,14.493,10.0447,3.3248,2.42,4.8235,7.5847,14.9445,15.2387,18.1803,18.8345,14.886,10.7071,5.5157,5.1926,BritishColumbia,HumoFerricPodzol,Brown,0.25,Medium,3.2,100,-0.09,-0.09,580,0,0.0311,0.0311,0.0234,0.0234,279.8516,0,139.4785
Farm45,12.818,2025,2021,BerriesAndGrapes,Reduced,0,0,0,0,0.007,0.02,0.01,0.01,0,5,0.45,226.796,CashCrop,0,0,No,RainFed,0,0.85,85,100,100,2,No,0,1.78,0.23,Custom,354.36,164.7,165.85,72.82,71.64,64.52,11.23,47.73,254.81,337.99,525.46,259.27,2.6337,1.4969,7.2922,46.2205,80.0548,123.7839,139.9835,100.3063,56.8481,22.9676,6.9289,0.6929,-0.1677,-2.4054,0.9945,5.4297,9.6313,16.388,18.1297,16.7106,12.3057,6.4071,3.172,-4.2994,BritishColumbia,HumoFerricPodzol,Brown,0.8,Medium,4.6999998,150,0.65,0.04,25,0,0.3272,0.3272,0.0357,0.0357,1597.1228,0,223.6717
Farm45,50.614,2025,2021,OtherFieldCrops,Reduced,0,0,0,0,0.03325,0.00975,0.01,0.01,0,5,0.45,3.628744,CashCrop,0,0,No,RainFed,0,0.1,10,100,100,2,No,0,1.78,0.23,Custom,354.36,164.7,165.85,72.82,71.64,64.52,11.23,47.73,254.81,337.99,525.46,259.27,2.6337,1.4969,7.2922,46.2205,80.0548,123.7839,139.9835,100.3063,56.8481,22.9676,6.9289,0.6929,-0.1677,-2.4054,0.9945,5.4297,9.6313,16.388,18.1297,16.7106,12.3057,6.4071,3.172,-4.2994,BritishColumbia,HumoFerricPodzol,Brown,0.8,Medium,4.6999998,150,0.65,0.04,25,0,0.327,0.327,0.0357,0.0357,6306.5044,0,223.6171
Farm45,49.628,2025,2021,OtherFieldCrops,Reduced,0,0,0,0,0.03325,0.00975,0.01,0.01,0,5,0.45,1,CashCrop,0,0,No,RainFed,0,0.1,10,100,100,2,No,0,1.78,0.23,Custom,354.36,164.7,165.85,72.82,71.64,64.52,11.23,47.73,254.81,337.99,525.46,259.27,2.6337,1.4969,7.2922,46.2205,80.0548,123.7839,139.9835,100.3063,56.8481,22.9676,6.9289,0.6929,-0.1677,-2.4054,0.9945,5.4297,9.6313,16.388,18.1297,16.7106,12.3057,6.4071,3.172,-4.2994,BritishColumbia,HumoFerricPodzol,Brown,0.8,Medium,4.6999998,150,0.65,0.04,25,0,0.3269,0.3269,0.0357,0.0357,6183.6488,0,223.5898
Farm45,37.415,2025,2021,BerriesAndGrapes,Reduced,0,0,0,0,0.007,0.02,0.01,0.01,0,5,0.45,0.907184,CashCrop,0,0,No,RainFed,0,0.85,85,100,100,2,No,0,1.78,0.23,Custom,354.36,164.7,165.85,72.82,71.64,64.52,11.23,47.73,254.81,337.99,525.46,259.27,2.6337,1.4969,7.2922,46.2205,80.0548,123.7839,139.9835,100.3063,56.8481,22.9676,6.9289,0.6929,-0.1677,-2.4054,0.9945,5.4297,9.6313,16.388,18.1297,16.7106,12.3057,6.4071,3.172,-4.2994,BritishColumbia,HumoFerricPodzol,Brown,0.8,Medium,4.6999998,150,0.65,0.04,25,0,0.3269,0.3269,0.0357,0.0357,4661.909,0,223.5898
Farm46,0.887,2025,2024,Vegetables,Reduced,0,0,0,0,0.02,0.02,0.01,0.01,0,5,0.45,49.89512,CashCrop,0,0,No,RainFed,0,0.8,80,100,100,2,No,0,1.78,0.23,Custom,233.85,107.52,118.63,80.58,61.33,61.59,22.33,76.52,58.39,185.71,204.03,227,9.6685,17.5082,37.5026,57.4276,88.1192,102.1155,142.7078,101.095,69.7916,35.8054,15.4413,12.1502,3.9123,5.1062,6.1529,7.3993,10.421,12.4263,16.9581,16.1787,13.7217,9.101,5.8363,5.4587,BritishColumbia,DystricBrunisol,Brown,1.35,Fine,4.9000001,90,0.48,0.1,25,0,0.0555,0.0555,0.0318,0.0318,110.5202,0,148.4329
Farm47,0.406,2025,2021,Vegetables,Reduced,0,0,0,0,0.02,0.02,0.01,0.01,0,5,0.45,1376,CashCrop,0,0,No,RainFed,0,0.8,80,100,100,2,No,0,1.78,0.23,Custom,221.58,172.89,89.02,52.03,51.06,37.66,3,41.68,176.79,189.31,432.48,203.93,8.3225,7.7107,28.8637,65.812,91.1174,129.9392,142.0149,103.2353,61.5361,28.8936,12.2983,3.8372,3.4168,1.1761,5.2184,8.963,12.099,18.1163,18.7794,17.7897,14.4643,9.0116,6.5133,-0.7368,BritishColumbia,Humisol,Brown,0.35,Medium,2.9000001,200,-0.09,-0.09,580,0,0.0684,0.0684,0.0333,0.0333,50.5876,0,152.3641
Farm47,0.306,2025,2021,Vegetables,Reduced,0,0,0,0,0.02,0.02,0.01,0.01,0,5,0.45,217,CashCrop,0,0,No,RainFed,0,0.8,80,100,100,2,No,0,1.78,0.23,Custom,221.58,172.89,89.02,52.03,51.06,37.66,3,41.68,176.79,189.31,432.48,203.93,8.3225,7.7107,28.8637,65.812,91.1174,129.9392,142.0149,103.2353,61.5361,28.8936,12.2983,3.8372,3.4168,1.1761,5.2184,8.963,12.099,18.1163,18.7794,17.7897,14.4643,9.0116,6.5133,-0.7368,BritishColumbia,Humisol,Brown,0.35,Medium,2.9000001,200,-0.09,-0.09,580,0,0.0672,0.0672,0.0329,0.0329,38.1276,0,151.9273
Farm48,0.922,2025,2025,BerriesAndGrapes,Reduced,0,0,0,0,0.007,0.02,0.01,0.01,0,5,0.45,1000,CashCrop,0,0,No,RainFed,0,0.85,85,100,100,2,No,0,1.78,0.23,Custom,58.9,126.26,208.12,70.38,74.8,39.82,28.7,78.31,-2982.47,0,0,0,11.0232,10.4095,28.8873,69.2465,85.8619,104.4009,127.811,108.6262,43.6141,0,0,0,3.4871,2.5796,6.1545,9.2873,11.3774,14.1023,16.7655,18.9716,-142.7205,0,0,0,BritishColumbia,HumoFerricPodzol,Brown,0.8,Medium,4.6999998,150,0.65,0.04,25,0,0.0036,0.0036,0.0141,0.0141,114.8812,0,129.4321
Farm49,3.522,2025,2023,Vegetables,Reduced,0,0,0,0,0.02,0.02,0.01,0.01,0,5,0.45,4580,CashCrop,0,0,No,RainFed,0,0.8,80,100,100,2,No,0,1.78,0.23,Custom,125.37,117.6,72.91,125.75,34.16,33.94,20.56,33.83,57.46,121.99,144.51,211.92,11.6857,12.6577,35.7662,47.4431,109.2211,119.7772,140.1285,113.2192,71.7313,42.3619,18.6572,12.6454,5.1606,4.2443,6.051,8.2047,14.8861,15.6163,18.4529,18.9113,15.3977,11.4113,7.2537,6.7732,BritishColumbia,HumicGleysol,Brown,1.1,Medium,4.0999999,220,0.02,0.28,11,0,0.0296,0.0296,0.0228,0.0228,438.8412,0,138.9052
Farm50,2.793,2025,2023,Vegetables,Reduced,0,0,0,0,0.02,0.02,0.01,0.01,0,5,0.45,136.0776,CashCrop,0,0,No,RainFed,0,0.8,80,100,100,2,No,0,1.78,0.23,Custom,125.37,117.6,72.91,125.75,34.16,33.94,20.56,33.83,57.46,121.99,144.51,211.92,11.6857,12.6577,35.7662,47.4431,109.2211,119.7772,140.1285,113.2192,71.7313,42.3619,18.6572,12.6454,5.1606,4.2443,6.051,8.2047,14.8861,15.6163,18.4529,18.9113,15.3977,11.4113,7.2537,6.7732,BritishColumbia,HumicGleysol,Brown,1.1,Medium,4.0999999,220,0.02,0.28,11,0,0.0277,0.0277,0.0218,0.0218,348.0078,0,138.1135
Farm51,1.402,2025,2022,BerriesAndGrapes,Reduced,0,0,0,0,0.007,0.02,0.01,0.01,0,5,0.45,20,CashCrop,0,0,No,RainFed,0,0.85,85,100,100,2,No,0,1.78,0.23,Custom,265.35,249.47,112.16,70,76.51,53.11,9.08,62.88,204.14,229.52,527.82,278.45,2.0709,0.8799,8.7616,44.9685,78.5303,122.7062,136.7013,97.6868,56.0605,20.6946,5.8086,0.7391,-0.6894,-2.9786,1.2058,5.2873,9.4174,16.1613,17.2542,15.8239,12.0877,5.7397,2.7743,-4.7387,BritishColumbia,MelanicBrunisol,Brown,1,Medium,5.0999999,170,0.05,0.24,54.000001,0.0189,0.1394,0.1394,0.0357,0.0357,174.6892,0,172.333
Farm51,1.402,2025,2022,Chickpeas,Reduced,0.28,0.42,0.187,0.113,0.0659,0.0239,0.011,0.011,0.7,5,0.45,0,CashCrop,0,0,No,RainFed,0,0.13,13,100,100,2,No,0,1.78,0.23,Custom,265.35,249.47,112.16,70,76.51,53.11,9.08,62.88,204.14,229.52,527.82,278.45,2.0709,0.8799,8.7616,44.9685,78.5303,122.7062,136.7013,97.6868,56.0605,20.6946,5.8086,0.7391,-0.6894,-2.9786,1.2058,5.2873,9.4174,16.1613,17.2542,15.8239,12.0877,5.7397,2.7743,-4.7387,BritishColumbia,MelanicBrunisol,Brown,1,Medium,5.0999999,170,0.05,0.24,54.000001,0,0.1394,0.1394,0.0357,0.0357,174.6892,0,172.4023
Farm51,1.402,2025,2022,DryPeas,Reduced,0.245,0.49,0.162,0.103,0.0704,0.0304,0.0225,0.0225,0,5,0.45,18,CashCrop,0,0,No,RainFed,0,0.13,13,100,100,2,No,0,1.78,0.23,Custom,265.35,249.47,112.16,70,76.51,53.11,9.08,62.88,204.14,229.52,527.82,278.45,2.0709,0.8799,8.7616,44.9685,78.5303,122.7062,136.7013,97.6868,56.0605,20.6946,5.8086,0.7391,-0.6894,-2.9786,1.2058,5.2873,9.4174,16.1613,17.2542,15.8239,12.0877,5.7397,2.7743,-4.7387,BritishColumbia,MelanicBrunisol,Brown,1,Medium,5.0999999,170,0.05,0.24,54.000001,-2808.6828,4.6828,4.6828,1.0414,1.0414,174.6892,0,11985.8102
Farm51,1.402,2025,2022,Vegetables,Reduced,0,0,0,0,0.02,0.02,0.01,0.01,0,5,0.45,15,CashCrop,0,0,No,RainFed,0,0.8,80,100,100,2,No,0,1.78,0.23,Custom,265.35,249.47,112.16,70,76.51,53.11,9.08,62.88,204.14,229.52,527.82,278.45,2.0709,0.8799,8.7616,44.9685,78.5303,122.7062,136.7013,97.6868,56.0605,20.6946,5.8086,0.7391,-0.6894,-2.9786,1.2058,5.2873,9.4174,16.1613,17.2542,15.8239,12.0877,5.7397,2.7743,-4.7387,BritishColumbia,MelanicBrunisol,Brown,1,Medium,5.0999999,170,0.05,0.24,54.000001,0,0.1395,0.1395,0.0357,0.0357,174.6892,0,172.4296
Farm51,0.068,2025,2021,BerriesAndGrapes,Reduced,0,0,0,0,0.007,0.02,0.01,0.01,0,5,0.45,2,CashCrop,0,0,No,RainFed,0,0.85,85,100,100,2,No,0,1.78,0.23,Custom,265.35,249.47,112.16,70,76.51,53.11,9.08,62.88,204.14,229.52,527.82,278.45,2.0709,0.8799,8.7616,44.9685,78.5303,122.7062,136.7013,97.6868,56.0605,20.6946,5.8086,0.7391,-0.6894,-2.9786,1.2058,5.2873,9.4174,16.1613,17.2542,15.8239,12.0877,5.7397,2.7743,-4.7387,BritishColumbia,MelanicBrunisol,Brown,1,Medium,5.0999999,170,0.05,0.24,54.000001,-0.0147,0.1394,0.1394,0.0357,0.0357,8.4728,0,172.4562
Farm51,0.068,2025,2022,BerriesAndGrapes,Reduced,0,0,0,0,0.007,0.02,0.01,0.01,0,5,0.45,20,CashCrop,0,0,No,RainFed,0,0.85,85,100,100,2,No,0,1.78,0.23,Custom,265.35,249.47,112.16,70,76.51,53.11,9.08,62.88,204.14,229.52,527.82,278.45,2.0709,0.8799,8.7616,44.9685,78.5303,122.7062,136.7013,97.6868,56.0605,20.6946,5.8086,0.7391,-0.6894,-2.9786,1.2058,5.2873,9.4174,16.1613,17.2542,15.8239,12.0877,5.7397,2.7743,-4.7387,BritishColumbia,MelanicBrunisol,Brown,1,Medium,5.0999999,170,0.05,0.24,54.000001,0.022,0.1394,0.1394,0.0357,0.0357,8.4728,0,172.3216333
Farm51,0.359,2025,2022,Vegetables,Reduced,0,0,0,0,0.02,0.02,0.01,0.01,0,5,0.45,9,CashCrop,0,0,No,RainFed,0,0.8,80,100,100,2,No,0,1.78,0.23,Custom,265.35,249.47,112.16,70,76.51,53.11,9.08,62.88,204.14,229.52,527.82,278.45,2.0709,0.8799,8.7616,44.9685,78.5303,122.7062,136.7013,97.6868,56.0605,20.6946,5.8086,0.7391,-0.6894,-2.9786,1.2058,5.2873,9.4174,16.1613,17.2542,15.8239,12.0877,5.7397,2.7743,-4.7387,BritishColumbia,MelanicBrunisol,Brown,1,Medium,5.0999999,170,0.05,0.24,54.000001,0,0.1395,0.1395,0.0357,0.0357,44.7314,0,172.4296
Farm51,0.172,2025,2022,BerriesAndGrapes,Reduced,0,0,0,0,0.007,0.02,0.01,0.01,0,5,0.45,11.85,CashCrop,0,0,No,RainFed,0,0.85,85,100,100,2,No,0,1.78,0.23,Custom,265.35,249.47,112.16,70,76.51,53.11,9.08,62.88,204.14,229.52,527.82,278.45,2.0709,0.8799,8.7616,44.9685,78.5303,122.7062,136.7013,97.6868,56.0605,20.6946,5.8086,0.7391,-0.6894,-2.9786,1.2058,5.2873,9.4174,16.1613,17.2542,15.8239,12.0877,5.7397,2.7743,-4.7387,BritishColumbia,MelanicBrunisol,Brown,1,Medium,5.0999999,170,0.05,0.24,54.000001,0,0.1394,0.1394,0.0357,0.0357,21.4312,0,172.4023
Farm51,0.172,2025,2021,OtherFieldCrops,Reduced,0,0,0,0,0.03325,0.00975,0.01,0.01,0,5,0.45,90,CashCrop,0,0,No,RainFed,0,0.1,10,100,100,2,No,0,1.78,0.23,Custom,265.35,249.47,112.16,70,76.51,53.11,9.08,62.88,204.14,229.52,527.82,278.45,2.0709,0.8799,8.7616,44.9685,78.5303,122.7062,136.7013,97.6868,56.0605,20.6946,5.8086,0.7391,-0.6894,-2.9786,1.2058,5.2873,9.4174,16.1613,17.2542,15.8239,12.0877,5.7397,2.7743,-4.7387,BritishColumbia,MelanicBrunisol,Brown,1,Medium,5.0999999,170,0.05,0.24,54.000001,0.2207,0.1405,0.1405,0.0359,0.0359,21.4312,0,171.9479667
Farm51,0.216,2025,2022,BerriesAndGrapes,Reduced,0,0,0,0,0.007,0.02,0.01,0.01,0,5,0.45,118.7275293,CashCrop,0,0,No,RainFed,0,0.85,85,100,100,2,No,0,1.78,0.23,Custom,265.35,249.47,112.16,70,76.51,53.11,9.08,62.88,204.14,229.52,527.82,278.45,2.0709,0.8799,8.7616,44.9685,78.5303,122.7062,136.7013,97.6868,56.0605,20.6946,5.8086,0.7391,-0.6894,-2.9786,1.2058,5.2873,9.4174,16.1613,17.2542,15.8239,12.0877,5.7397,2.7743,-4.7387,BritishColumbia,MelanicBrunisol,Brown,1,Medium,5.0999999,170,0.05,0.24,54.000001,0.0954,0.1395,0.1395,0.0357,0.0357,26.9136,0,172.0798
Farm52,11.259,2025,2020,Vegetables,Reduced,0,0,0,0,0.02,0.02,0.01,0.01,0,5,0.45,6,CashCrop,0,0,No,RainFed,0,0.8,80,100,100,2,No,0,1.78,0.23,Custom,556.39,165.22,147.87,61.46,108.79,119.11,57.96,80.42,147.38,207.73,327.09,335.42,3.2234,2.1885,7.9804,40.9308,83.5012,82.9187,111.595,105.3562,68.9753,27.8914,7.6658,3.8291,-0.3268,-0.4841,0.1455,5.2213,10.8216,12.407,15.6329,15.4829,14.8537,7.5858,2.78,0.8842,BritishColumbia,HumoFerricPodzol,Brown,0.8,Medium,4.6999998,150,0.65,0.04,25,0,0.2255,0.2255,0.0357,0.0357,1402.8714,0,195.9076
Farm53,0.028,2025,2024,BerriesAndGrapes,Reduced,0,0,0,0,0.007,0.02,0.01,0.01,0,5,0.45,21600,CashCrop,0,0,No,RainFed,0,0.85,85,100,100,2,No,0,1.78,0.23,Custom,367.06,170.21,177.95,136.13,111.52,116.47,30.34,117.44,108.2,311.49,280.47,314.62,4.4195,6.2474,20.7135,42.4848,77.2249,92.5367,141.984,100.2646,64.4383,26.6927,5.2754,3.8482,-1.0865,1.1393,2.3668,5.2073,9.72,12.2987,18.0584,16.8406,13.099,6.8961,1.433,1.439,BritishColumbia,HumoFerricPodzol,Brown,0.8,Medium,4.6999998,150,0.65,0.04,25,0,0.3704,0.3704,0.0383,0.0383,3.4888,0,236.1751
Farm54,0.007,2025,2023,OtherFieldCrops,Reduced,0,0,0,0,0.03325,0.00975,0.01,0.01,0,5,0.45,10,CashCrop,0,0,No,RainFed,0,0.1,10,100,100,2,No,0,1.78,0.23,Custom,230.59,202.9,102.81,214.51,41.87,50.76,39.86,49.36,100.43,182.32,210.23,324.01,2.7058,2.3677,13.3664,29.1705,102.7883,114.8125,136.0628,109.4744,66.022,34.8434,8.2512,5.2343,0.0019,-1.0489,1.5839,4.141,13.2,14.313,17.2439,17.5661,12.965,8.6258,2.7983,2.2558,BritishColumbia,HumoFerricPodzol,Brown,0.8,Medium,4.6999998,150,0.65,0.04,25,0,0.0565,0.0565,0.0307,0.0307,0.8722,0,148.4056
Farm55,9.528,2025,2021,Vegetables,Reduced,0,0,0,0,0.02,0.02,0.01,0.01,0,5,0.45,6,CashCrop,0,0,No,RainFed,0,0.8,80,100,100,2,No,0,1.78,0.23,Custom,214.22,132.68,81.47,46.06,43.11,38.22,4.16,28.28,163.05,183.95,369.57,172.09,12.3909,12.4283,33.7562,68.95,93.654,129.4601,144.2629,105.6691,62.7162,31.3922,14.6432,6.7979,5.2974,3.4432,6.4358,9.6127,12.6484,17.7973,19.4481,18.7687,14.991,10.1558,7.7773,1.8752,BritishColumbia,HumoFerricPodzol,Brown,0.8,Medium,4.6999998,150,0.65,0.04,25,0,0.0555,0.0555,0.0304,0.0304,1187.1888,0,148.0507
Farm55,16.997,2025,2021,Vegetables,Reduced,0,0,0,0,0.02,0.02,0.01,0.01,0,5,0.45,3,CashCrop,0,0,No,RainFed,0,0.8,80,100,100,2,No,0,1.78,0.23,Custom,214.22,132.68,81.47,46.06,43.11,38.22,4.16,28.28,163.05,183.95,369.57,172.09,12.3909,12.4283,33.7562,68.95,93.654,129.4601,144.2629,105.6691,62.7162,31.3922,14.6432,6.7979,5.2974,3.4432,6.4358,9.6127,12.6484,17.7973,19.4481,18.7687,14.991,10.1558,7.7773,1.8752,BritishColumbia,HumoFerricPodzol,Brown,0.8,Medium,4.6999998,150,0.65,0.04,25,0,0.0555,0.0555,0.0304,0.0304,2117.8262,0,148.0507
Farm55,21.826,2025,2021,BerriesAndGrapes,Reduced,0,0,0,0,0.007,0.02,0.01,0.01,0,5,0.45,10,CashCrop,0,0,No,RainFed,0,0.85,85,100,100,2,No,0,1.78,0.23,Custom,214.22,132.68,81.47,46.06,43.11,38.22,4.16,28.28,163.05,183.95,369.57,172.09,12.3909,12.4283,33.7562,68.95,93.654,129.4601,144.2629,105.6691,62.7162,31.3922,14.6432,6.7979,5.2974,3.4432,6.4358,9.6127,12.6484,17.7973,19.4481,18.7687,14.991,10.1558,7.7773,1.8752,BritishColumbia,HumoFerricPodzol,Brown,0.8,Medium,4.6999998,150,0.65,0.04,25,0,0.0555,0.0555,0.0304,0.0304,2719.5196,0,148.0507
Farm55,7.585,2025,2021,BerriesAndGrapes,Reduced,0,0,0,0,0.007,0.02,0.01,0.01,0,5,0.45,10,CashCrop,0,0,No,RainFed,0,0.85,85,100,100,2,No,0,1.78,0.23,Custom,214.22,132.68,81.47,46.06,43.11,38.22,4.16,28.28,163.05,183.95,369.57,172.09,12.3909,12.4283,33.7562,68.95,93.654,129.4601,144.2629,105.6691,62.7162,31.3922,14.6432,6.7979,5.2974,3.4432,6.4358,9.6127,12.6484,17.7973,19.4481,18.7687,14.991,10.1558,7.7773,1.8752,BritishColumbia,HumoFerricPodzol,Brown,0.8,Medium,4.6999998,150,0.65,0.04,25,0,0.0555,0.0555,0.0304,0.0304,945.091,0,148.0507
Farm55,6.649,2025,2021,BerriesAndGrapes,Reduced,0,0,0,0,0.007,0.02,0.01,0.01,0,5,0.45,5,CashCrop,0,0,No,RainFed,0,0.85,85,100,100,2,No,0,1.78,0.23,Custom,214.22,132.68,81.47,46.06,43.11,38.22,4.16,28.28,163.05,183.95,369.57,172.09,12.3909,12.4283,33.7562,68.95,93.654,129.4601,144.2629,105.6691,62.7162,31.3922,14.6432,6.7979,5.2974,3.4432,6.4358,9.6127,12.6484,17.7973,19.4481,18.7687,14.991,10.1558,7.7773,1.8752,BritishColumbia,HumoFerricPodzol,Brown,0.8,Medium,4.6999998,150,0.65,0.04,25,0,0.0555,0.0555,0.0304,0.0304,828.4654,0,148.0507
Farm55,6.649,2025,2021,OtherFieldCrops,Reduced,0,0,0,0,0.03325,0.00975,0.01,0.01,0,5,0.45,1,CashCrop,0,0,No,RainFed,0,0.1,10,100,100,2,No,0,1.78,0.23,Custom,214.22,132.68,81.47,46.06,43.11,38.22,4.16,28.28,163.05,183.95,369.57,172.09,12.3909,12.4283,33.7562,68.95,93.654,129.4601,144.2629,105.6691,62.7162,31.3922,14.6432,6.7979,5.2974,3.4432,6.4358,9.6127,12.6484,17.7973,19.4481,18.7687,14.991,10.1558,7.7773,1.8752,BritishColumbia,HumoFerricPodzol,Brown,0.8,Medium,4.6999998,150,0.65,0.04,25,0,0.0555,0.0555,0.0304,0.0304,828.4654,0,148.0507
Farm56,31.767,2025,2021,BerriesAndGrapes,Reduced,0,0,0,0,0.007,0.02,0.01,0.01,0,5,0.45,100,CashCrop,0,0,No,RainFed,0,0.85,85,100,100,2,No,0,1.78,0.23,Custom,197.61,120.74,84.14,40.25,48.85,42.7,16.23,17.16,129.76,184.93,327.86,172.63,12.7218,11.9534,34.7498,68.8342,94.0166,129.9954,140.3159,106.7082,66.6744,33.3854,15.2293,6.2954,4.8448,3.0782,5.3403,8.322,10.7342,15.682,16.4135,16.3645,13.4213,9.0835,7.268,1.4913,BritishColumbia,DystricBrunisol,Brown,1,Fine,5.4000001,90,0.09,0.18,37,0,0.0492,0.0492,0.0292,0.0292,3958.1682,0,146.0032
Farm57,0.109,2025,2023,Vegetables,Reduced,0,0,0,0,0.02,0.02,0.01,0.01,0,5,0.45,1.72,CashCrop,0,0,No,RainFed,0,0.8,80,100,100,2,No,0,1.78,0.23,Custom,88.94,89.43,67,86.95,34.23,31.18,18.38,28.3,44.7,87.21,117.91,165.21,14.0926,15.2015,38.9205,53.9612,114.5442,119.2066,142.9165,114.5842,76.0451,44.224,21.5512,14.9175,5.9106,4.9468,6.3603,8.277,13.7239,14.324,16.8826,17.7655,14.892,11.4774,7.7917,7.4855,BritishColumbia,SombricBrunisol,Brown,1.4,Fine,4.5999999,200,0.58,0.04,25,0,0.0207,0.0207,0.0188,0.0188,13.5814,0,135.3835
Farm58,2.555,2025,2022,Vegetables,Reduced,0,0,0,0,0.02,0.02,0.01,0.01,0,5,0.45,500,CashCrop,0,0,No,RainFed,0,0.8,80,100,100,2,No,0,1.78,0.23,Custom,210.73,95.09,148.99,117.18,117.87,103.35,32.01,16.48,9.79,134.92,160.31,214.24,8.288,12.6047,32.4013,45.7845,66.9851,95.297,129.8455,123.1047,84.197,51.9207,8.7036,3.3842,2.9832,3.1957,6.3255,6.86,10.2577,15.1707,19.0368,20.1123,16.4103,13.3065,2.7317,-0.5055,BritishColumbia,Humisol,Brown,0.35,Medium,2.9000001,200,-0.09,-0.09,580,0,0.044,0.044,0.0289,0.0289,318.353,0,144.5017
Farm59,12.996,2025,2021,Oilseeds,Reduced,0.184,0.637,0.109,0.071,0.0615,0.007,0.01,0.01,0,5,0.45,100,CashCrop,0,0,No,RainFed,0,0.09,9,100,100,2,No,0,1.78,0.23,Custom,354.36,164.7,165.85,72.82,71.64,64.52,11.23,47.73,254.81,337.99,525.46,259.27,2.6337,1.4969,7.2922,46.2205,80.0548,123.7839,139.9835,100.3063,56.8481,22.9676,6.9289,0.6929,-0.1677,-2.4054,0.9945,5.4297,9.6313,16.388,18.1297,16.7106,12.3057,6.4071,3.172,-4.2994,BritishColumbia,HumoFerricPodzol,Brown,0.8,Medium,4.6999998,150,0.65,0.04,25,-1.1558,0.5464,0.5464,0.0564,0.0564,1619.3016,0,293.4023333
Farm60,2.133,2025,2022,Mustard,Reduced,0.842,0,0.096,0.062,0.015,0,0.02,0.02,0,5,0.45,4,CashCrop,0,0,No,RainFed,0,0.65,65,100,100,2,No,0,1.78,0.23,Custom,153.27,66.35,93.49,94.72,77.86,63.78,27.57,10.46,5.43,102.44,125.6,159.71,13.2259,18.8207,39.8039,54.8336,75.3769,100.8853,132.8192,125.3208,86.4715,53.308,18.2213,9.1275,4.9897,5.3989,7.4823,7.7587,10.3948,14.254,17.1603,18.6213,15.939,12.9697,5.7617,3.5497,BritishColumbia,SombricBrunisol,Brown,1.4,Fine,4.5999999,200,0.58,0.04,25,-935.3703,0.1376,0.1376,0.0897,0.0897,265.7718,0,3616.344
Farm60,2.133,2025,2022,Vegetables,Reduced,0,0,0,0,0.02,0.02,0.01,0.01,0,5,0.45,40,CashCrop,0,0,No,RainFed,0,0.8,80,100,100,2,No,0,1.78,0.23,Custom,153.27,66.35,93.49,94.72,77.86,63.78,27.57,10.46,5.43,102.44,125.6,159.71,13.2259,18.8207,39.8039,54.8336,75.3769,100.8853,132.8192,125.3208,86.4715,53.308,18.2213,9.1275,4.9897,5.3989,7.4823,7.7587,10.3948,14.254,17.1603,18.6213,15.939,12.9697,5.7617,3.5497,BritishColumbia,SombricBrunisol,Brown,1.4,Fine,4.5999999,200,0.58,0.04,25,0,0.0238,0.0238,0.0217,0.0217,265.7718,0,137.0215
Farm61,5,2025,2023,Vegetables,Reduced,0,0,0,0,0.02,0.02,0.01,0.01,0,5,0.45,0,CashCrop,0,0,No,RainFed,0,0.8,80,100,100,2,No,0,2.39,0.23,Custom,80.99,126.48,46.55,76.99,83.62,67.01,51,51.71,55.71,62.31,75.76,110.81,0.058,0,0,14.582,99.4217,111.2094,133.9733,105.5468,62.7298,25.7629,0.449,0.0475,-8.1742,-8.0404,-6.6426,0.6087,12.0074,14.508,17.6623,16.8671,11.2657,5.0665,-4.3433,-5.8916,BritishColumbia,Regosol,Black,0.2,Coarse,6.0999999,20,-0.09,-0.09,242.000008,0,0.0335,0.0335,0.0269,0.0269,836.5,0,183.7892
Farm62,0.458,2025,2023,Vegetables,Reduced,0,0,0,0,0.02,0.02,0.01,0.01,0,5,0.45,882,CashCrop,0,0,No,RainFed,0,0.8,80,100,100,2,No,0,1.78,0.23,Custom,88.94,89.43,67,86.95,34.23,31.18,18.38,28.3,44.7,87.21,117.91,165.21,14.0926,15.2015,38.9205,53.9612,114.5442,119.2066,142.9165,114.5842,76.0451,44.224,21.5512,14.9175,5.9106,4.9468,6.3603,8.277,13.7239,14.324,16.8826,17.7655,14.892,11.4774,7.7917,7.4855,BritishColumbia,LuvicGleysol,Brown,1,Fine,5.1999998,270,0.14,0.26,74.000001,0,0.021,0.021,0.0189,0.0189,57.0668,0,135.4927
Farm63,0.016,2025,2025,Vegetables,Reduced,0,0,0,0,0.02,0.02,0.01,0.01,0,5,0.45,18,CashCrop,0,0,No,RainFed,0,0.8,80,100,100,2,No,0,1.78,0.23,Custom,49.05,104.66,184.12,48.65,55,34.35,30.95,37.18,-2988.57,0,0,0,13.259,11.854,33.0841,72.9557,94.5774,111.0151,135.2757,116.7781,42.4475,0,0,0,4.1297,3.4575,6.5545,9.097,10.7197,13.2173,15.1926,18.3403,-143.3737,0,0,0,BritishColumbia,SombricBrunisol,Brown,1.09,Fine,4.9000001,200,0.22,0.24,60,0,0.0031,0.0031,0.014,0.014,1.9936,0,129.2683
Farm64,0.009,2025,2025,SugarBeets,Reduced,0.626,0.357,0.01,0.007,0.01,0.029,0.01,0.01,0,5,0.45,113.398,CashCrop,0,0,No,RainFed,0,0.8,80,100,100,0,No,0,1.78,0.23,Custom,49.05,104.66,184.12,48.65,55,34.35,30.95,37.18,-2988.57,0,0,0,13.259,11.854,33.0841,72.9557,94.5774,111.0151,135.2757,116.7781,42.4475,0,0,0,4.1297,3.4575,6.5545,9.097,10.7197,13.2173,15.1926,18.3403,-143.3737,0,0,0,BritishColumbia,SombricBrunisol,Brown,1.09,Fine,4.9000001,200,0.22,0.24,60,-3773.5692,0.1271,0.1271,0.2219,0.2219,1.1214,0,14056.2974
Farm65,0.049,2025,2023,SugarBeets,Reduced,0.626,0.357,0.01,0.007,0.01,0.029,0.01,0.01,0,5,0.45,36.28736,CashCrop,0,0,No,RainFed,0,0.8,80,100,100,0,No,0,1.78,0.23,Custom,88.94,89.43,67,86.95,34.23,31.18,18.38,28.3,44.7,87.21,117.91,165.21,14.0926,15.2015,38.9205,53.9612,114.5442,119.2066,142.9165,114.5842,76.0451,44.224,21.5512,14.9175,5.9106,4.9468,6.3603,8.277,13.7239,14.324,16.8826,17.7655,14.892,11.4774,7.7917,7.4855,BritishColumbia,DystricBrunisol,Brown,1.35,Fine,5.5,90,0.48,0.1,25,-3711.1064,0.8422,0.8422,0.4471,0.4471,6.1054,0,14083.96903
Farm66,0.279,2025,2023,Vegetables,Reduced,0,0,0,0,0.02,0.02,0.01,0.01,0,5,0.45,1842.12,CashCrop,0,0,No,RainFed,0,0.8,80,100,100,2,No,0,1.78,0.23,Custom,210.73,95.09,148.99,117.18,117.87,103.35,32.01,16.48,9.79,134.92,160.31,214.24,8.288,12.6047,32.4013,45.7845,66.9851,95.297,129.8455,123.1047,84.197,51.9207,8.7036,3.3842,2.9832,3.1957,6.3255,6.86,10.2577,15.1707,19.0368,20.1123,16.4103,13.3065,2.7317,-0.5055,BritishColumbia,HumoFerricPodzol,Brown,0.8,Medium,4.3000002,250,0.1,0.18,35,0,0.0449,0.0449,0.0293,0.0293,34.7634,0,144.8566
Farm66,0.94,2025,2023,BeansDryField,Reduced,0.539,0.412,0.03,0.019,0.042,0.01,0.01,0.01,0,5,0.45,248.56,CashCrop,0,0,No,RainFed,0,0.13,13,100,100,2,No,0,1.78,0.23,Custom,210.73,95.09,148.99,117.18,117.87,103.35,32.01,16.48,9.79,134.92,160.31,214.24,8.288,12.6047,32.4013,45.7845,66.9851,95.297,129.8455,123.1047,84.197,51.9207,8.7036,3.3842,2.9832,3.1957,6.3255,6.86,10.2577,15.1707,19.0368,20.1123,16.4103,13.3065,2.7317,-0.5055,BritishColumbia,HumoFerricPodzol,Brown,0.8,Medium,4.3000002,250,0.1,0.18,35,-1467.7443,0.3802,0.3802,0.2024,0.2024,117.124,0,5665.3789
Farm66,0.94,2025,2023,BerriesAndGrapes,Reduced,0,0,0,0,0.007,0.02,0.01,0.01,0,5,0.45,704.26,CashCrop,0,0,No,RainFed,0,0.85,85,100,100,2,No,0,1.78,0.23,Custom,210.73,95.09,148.99,117.18,117.87,103.35,32.01,16.48,9.79,134.92,160.31,214.24,8.288,12.6047,32.4013,45.7845,66.9851,95.297,129.8455,123.1047,84.197,51.9207,8.7036,3.3842,2.9832,3.1957,6.3255,6.86,10.2577,15.1707,19.0368,20.1123,16.4103,13.3065,2.7317,-0.5055,BritishColumbia,HumoFerricPodzol,Brown,0.8,Medium,4.3000002,250,0.1,0.18,35,0,0.0438,0.0438,0.0287,0.0287,117.124,0,144.3925
Farm66,0.94,2025,2023,DryPeas,Reduced,0.263,0.533,0.126,0.078,0.0694,0.0316,0.0282,0.0282,0,5,0.45,32.4,CashCrop,0,0,No,RainFed,0,0.13,13,100,100,2,No,0,1.78,0.23,Custom,210.73,95.09,148.99,117.18,117.87,103.35,32.01,16.48,9.79,134.92,160.31,214.24,8.288,12.6047,32.4013,45.7845,66.9851,95.297,129.8455,123.1047,84.197,51.9207,8.7036,3.3842,2.9832,3.1957,6.3255,6.86,10.2577,15.1707,19.0368,20.1123,16.4103,13.3065,2.7317,-0.5055,BritishColumbia,HumoFerricPodzol,Brown,0.8,Medium,4.3000002,250,0.1,0.18,35,-2787.0459,1.5894,1.5894,0.8267,0.8267,117.124,0,11003.3636
Farm66,0.94,2025,2023,ForageForSeed,Reduced,0.1,0.392,0.308,0.2,0.03,0.015,0.013,0.013,0,5,0.45,122.4,CashCrop,0,0,No,RainFed,0,0.13,13,0,100,35,No,0,1.78,0.23,Custom,210.73,95.09,148.99,117.18,117.87,103.35,32.01,16.48,9.79,134.92,160.31,214.24,8.288,12.6047,32.4013,45.7845,66.9851,95.297,129.8455,123.1047,84.197,51.9207,8.7036,3.3842,2.9832,3.1957,6.3255,6.86,10.2577,15.1707,19.0368,20.1123,16.4103,13.3065,2.7317,-0.5055,BritishColumbia,HumoFerricPodzol,Brown,0.8,Medium,4.3000002,250,0.1,0.18,35,-65357.4936,4.7193,4.7193,7.8727,7.8727,117.124,0,243206.3592
Farm66,0.94,2025,2023,OtherFieldCrops,Reduced,0,0,0,0,0.03325,0.00975,0.01,0.01,0,5,0.45,100,CashCrop,0,0,No,RainFed,0,0.1,10,100,100,2,No,0,1.78,0.23,Custom,210.73,95.09,148.99,117.18,117.87,103.35,32.01,16.48,9.79,134.92,160.31,214.24,8.288,12.6047,32.4013,45.7845,66.9851,95.297,129.8455,123.1047,84.197,51.9207,8.7036,3.3842,2.9832,3.1957,6.3255,6.86,10.2577,15.1707,19.0368,20.1123,16.4103,13.3065,2.7317,-0.5055,BritishColumbia,HumoFerricPodzol,Brown,0.8,Medium,4.3000002,250,0.1,0.18,35,0,0.0442,0.0442,0.0289,0.0289,117.124,0,144.5563
Farm66,0.94,2025,2023,Potatoes,Reduced,0.736,0.239,0.015,0.01,0.015,0.02,0.01,0.01,0,5,0.45,48,CashCrop,0,0,No,RainFed,0,0.75,75,100,100,0,No,0,1.78,0.23,Custom,210.73,95.09,148.99,117.18,117.87,103.35,32.01,16.48,9.79,134.92,160.31,214.24,8.288,12.6047,32.4013,45.7845,66.9851,95.297,129.8455,123.1047,84.197,51.9207,8.7036,3.3842,2.9832,3.1957,6.3255,6.86,10.2577,15.1707,19.0368,20.1123,16.4103,13.3065,2.7317,-0.5055,BritishColumbia,HumoFerricPodzol,Brown,0.8,Medium,4.3000002,250,0.1,0.18,35,-1374.1308,0.4839,0.4839,0.2559,0.2559,117.124,0,5365.045
Farm66,0.94,2025,2023,SugarBeets,Reduced,0.626,0.357,0.01,0.007,0.01,0.029,0.01,0.01,0,5,0.45,100,CashCrop,0,0,No,RainFed,0,0.8,80,100,100,0,No,0,1.78,0.23,Custom,210.73,95.09,148.99,117.18,117.87,103.35,32.01,16.48,9.79,134.92,160.31,214.24,8.288,12.6047,32.4013,45.7845,66.9851,95.297,129.8455,123.1047,84.197,51.9207,8.7036,3.3842,2.9832,3.1957,6.3255,6.86,10.2577,15.1707,19.0368,20.1123,16.4103,13.3065,2.7317,-0.5055,BritishColumbia,HumoFerricPodzol,Brown,0.8,Medium,4.3000002,250,0.1,0.18,35,-3707.4079,1.7789,1.7789,0.9246,0.9246,117.124,0,14456.48447
Farm66,0.94,2025,2022,Vegetables,Reduced,0,0,0,0,0.02,0.02,0.01,0.01,0,5,0.45,20,CashCrop,0,0,No,RainFed,0,0.8,80,100,100,2,No,0,1.78,0.23,Custom,210.73,95.09,148.99,117.18,117.87,103.35,32.01,16.48,9.79,134.92,160.31,214.24,8.288,12.6047,32.4013,45.7845,66.9851,95.297,129.8455,123.1047,84.197,51.9207,8.7036,3.3842,2.9832,3.1957,6.3255,6.86,10.2577,15.1707,19.0368,20.1123,16.4103,13.3065,2.7317,-0.5055,BritishColumbia,HumoFerricPodzol,Brown,0.8,Medium,4.3000002,250,0.1,0.18,35,-1.8231,0.0443,0.0443,0.029,0.029,117.124,0,151.2956
Farm66,0.94,2025,2023,Vegetables,Reduced,0,0,0,0,0.02,0.02,0.01,0.01,0,5,0.45,1692.73,CashCrop,0,0,No,RainFed,0,0.8,80,100,100,2,No,0,1.78,0.23,Custom,210.73,95.09,148.99,117.18,117.87,103.35,32.01,16.48,9.79,134.92,160.31,214.24,8.288,12.6047,32.4013,45.7845,66.9851,95.297,129.8455,123.1047,84.197,51.9207,8.7036,3.3842,2.9832,3.1957,6.3255,6.86,10.2577,15.1707,19.0368,20.1123,16.4103,13.3065,2.7317,-0.5055,BritishColumbia,HumoFerricPodzol,Brown,0.8,Medium,4.3000002,250,0.1,0.18,35,2.7637,0.044,0.044,0.0288,0.0288,117.124,0,134.3408333
Farm66,0.197,2025,2023,Vegetables,Reduced,0,0,0,0,0.02,0.02,0.01,0.01,0,5,0.45,20,CashCrop,0,0,No,RainFed,0,0.8,80,100,100,2,No,0,1.78,0.23,Custom,210.73,95.09,148.99,117.18,117.87,103.35,32.01,16.48,9.79,134.92,160.31,214.24,8.288,12.6047,32.4013,45.7845,66.9851,95.297,129.8455,123.1047,84.197,51.9207,8.7036,3.3842,2.9832,3.1957,6.3255,6.86,10.2577,15.1707,19.0368,20.1123,16.4103,13.3065,2.7317,-0.5055,BritishColumbia,HumoFerricPodzol,Brown,0.8,Medium,4.3000002,250,0.1,0.18,35,0,0.0437,0.0437,0.0287,0.0287,24.5462,0,144.3652
Farm67,0.345,2025,2023,Potatoes,Reduced,0.736,0.239,0.015,0.01,0.015,0.02,0.01,0.01,0,5,0.45,16.32,CashCrop,0,0,No,RainFed,0,0.75,75,100,100,0,No,0,1.78,0.23,Custom,68.4,80.33,62.34,98.6,101.79,92.35,71.21,115.01,51.04,37.06,80.75,113.22,0,0,0,10.0746,99.2931,107.7176,135.0757,104.0729,60.8943,24.9026,0.1696,0.0114,-8.1526,-9.1993,-7.4561,-1.0737,12.8719,14.175,16.9368,15.83,10.5587,4.2706,-5.6953,-6.0735,BritishColumbia,DystricBrunisol,Brown,1.35,Medium,5.1999998,90,0.76,0.04,11,-1375.4711,0.6521,0.6521,0.303,0.303,42.987,0,5428.736333
Farm68,0.089,2025,2022,BeansDryField,Reduced,0.539,0.412,0.03,0.019,0.042,0.01,0.01,0.01,0,5,0.45,10,CashCrop,0,0,No,RainFed,0,0.13,13,100,100,2,No,0,1.78,0.23,Custom,189.09,66.11,116.15,134.67,132.62,92.14,38.51,29.4,35.8,89.92,101.65,171.07,4.9162,7.7029,19.1342,29.2644,58.7159,91.6624,125.3918,121.0384,85.4538,50.7998,5.8602,2.1284,1.2184,0.8829,3.1948,4.095,7.9668,13.615,18.1645,19.4074,15.3667,11.6671,0.9827,-1.8719,BritishColumbia,HumoFerricPodzol,Brown,0.8,Medium,4.6999998,150,0.65,0.04,25,-1897.9288,0.3963,0.3963,0.2113,0.2113,11.0894,0,7249.547067
Farm68,0.089,2025,2022,Vegetables,Reduced,0,0,0,0,0.02,0.02,0.01,0.01,0,5,0.45,64.6,CashCrop,0,0,No,RainFed,0,0.8,80,100,100,2,No,0,1.78,0.23,Custom,189.09,66.11,116.15,134.67,132.62,92.14,38.51,29.4,35.8,89.92,101.65,171.07,4.9162,7.7029,19.1342,29.2644,58.7159,91.6624,125.3918,121.0384,85.4538,50.7998,5.8602,2.1284,1.2184,0.8829,3.1948,4.095,7.9668,13.615,18.1645,19.4074,15.3667,11.6671,0.9827,-1.8719,BritishColumbia,HumoFerricPodzol,Brown,0.8,Medium,4.6999998,150,0.65,0.04,25,0,0.0457,0.0457,0.0296,0.0296,11.0894,0,145.1569
Farm68,0.014,2025,2025,BerriesAndGrapes,Reduced,0,0,0,0,0.007,0.02,0.01,0.01,0,5,0.45,2.27,CashCrop,0,0,No,RainFed,0,0.85,85,100,100,2,No,0,1.78,0.23,Custom,189.09,66.11,116.15,134.67,132.62,92.14,38.51,29.4,35.8,89.92,101.65,171.07,4.9162,7.7029,19.1342,29.2644,58.7159,91.6624,125.3918,121.0384,85.4538,50.7998,5.8602,2.1284,1.2184,0.8829,3.1948,4.095,7.9668,13.615,18.1645,19.4074,15.3667,11.6671,0.9827,-1.8719,BritishColumbia,HumoFerricPodzol,Brown,0.8,Medium,4.6999998,150,0.65,0.04,25,0,0.0457,0.0457,0.0296,0.0296,1.7444,0,145.1569
Farm69,0.479,2025,2024,SugarBeets,Reduced,0.626,0.357,0.01,0.007,0.01,0.029,0.01,0.01,0,5,0.45,100,CashCrop,0,0,No,RainFed,0,0.8,80,100,100,0,No,0,1.78,0.23,Custom,87.14,84.33,84.44,51,59.07,70.79,15.3,62.36,21.66,48.76,135.59,91.62,0.1052,0.0156,1.7526,24.0418,60.5685,90.6903,145.19,103.6083,78.2438,22.3799,0.0501,0,-10.1016,-6.1638,-3.811,2.697,6.92,11.132,19.2503,16.3677,13.7557,4.5268,-4.616,-6.4671,BritishColumbia,HumoFerricPodzol,Brown,0.2,Medium,4.8000002,30,-0.09,-0.09,389.000015,-3760.8684,0.9164,0.9164,0.6676,0.6676,59.6834,0,14346.8828
Farm70,61.165,2025,2021,BerriesAndGrapes,Reduced,0,0,0,0,0.007,0.02,0.01,0.01,0,5,0.45,2,CashCrop,0,0,No,RainFed,0,0.85,85,100,100,2,No,0,1.78,0.23,Custom,354.36,164.7,165.85,72.82,71.64,64.52,11.23,47.73,254.81,337.99,525.46,259.27,2.6337,1.4969,7.2922,46.2205,80.0548,123.7839,139.9835,100.3063,56.8481,22.9676,6.9289,0.6929,-0.1677,-2.4054,0.9945,5.4297,9.6313,16.388,18.1297,16.7106,12.3057,6.4071,3.172,-4.2994,BritishColumbia,HumoFerricPodzol,Brown,0.8,Medium,4.6999998,150,0.65,0.04,25,0,0.3269,0.3269,0.0357,0.0357,7621.159,0,223.5898
Farm71,76.437,2025,2025,OtherFieldCrops,Reduced,0,0,0,0,0.03325,0.00975,0.01,0.01,0,5,0.45,4000,CashCrop,0,0,No,RainFed,0,0.1,10,100,100,2,No,0,1.78,0.23,Custom,62.47,149.26,221.31,85.32,85.68,53.59,36.88,102.71,-2973.2,0,0,0,4.21,7.545,24.4089,65.1556,83.5765,103.8241,126.2214,107.2414,42.9634,0,0,0,0.9635,0.0711,4.9919,8.439,10.8361,13.909,16.341,18.4223,-143.1905,0,0,0,BritishColumbia,Humisol,Brown,0.35,Medium,2.9000001,200,-0.09,-0.09,580,0,0.0051,0.0051,0.0164,0.0164,9524.0502,0,130.4695
Farm72,0.156,2025,2022,Vegetables,Reduced,0,0,0,0,0.02,0.02,0.01,0.01,0,5,0.45,22.5,CashCrop,0,0,No,RainFed,0,0.8,80,100,100,2,No,0,1.78,0.23,Custom,106.12,48.94,77.62,87.62,85.73,59.83,36.44,17.37,10.29,67.59,77.13,122.48,10.0357,14.656,35.6491,49.6353,73.9397,102.7047,139.8711,130.6162,88.422,53.539,14.8114,6.8928,3.4835,3.8911,6.371,6.6683,10.041,14.7093,19.2003,20.5235,16.678,13.0119,4.3467,2.1119,BritishColumbia,DystricBrunisol,Brown,1,Fine,5.4000001,90,0.09,0.18,37,0,0.0231,0.0231,0.0208,0.0208,19.4376,0,136.5847
Farm73,0.05,2025,2024,Vegetables,Reduced,0,0,0,0,0.02,0.02,0.01,0.01,0,5,0.45,7.2,CashCrop,0,0,No,RainFed,0,0.8,80,100,100,2,No,0,1.78,0.23,Custom,117.72,103.99,92.91,83.7,75.46,99.84,28.48,96.92,43.99,113.33,155.19,129.21,0.0211,0,0.3371,3.0235,48.3002,76.2507,129.9994,89.5574,61.638,13.3964,0,0,-10.9739,-7.7862,-5.7074,-1.4233,5.2861,9.4977,17.221,14.1903,10.8277,2.3368,-6.6443,-7.419,BritishColumbia,DystricBrunisol,Brown,1.4,Medium,3.8,30,0.8,0.05,40,0,0.0519,0.0519,0.0357,0.0357,6.23,0,148.5148
Farm73,0.48,2025,2024,BerriesAndGrapes,Reduced,0,0,0,0,0.007,0.02,0.01,0.01,0,5,0.45,45,CashCrop,0,0,No,RainFed,0,0.85,85,100,100,2,No,0,1.78,0.23,Custom,117.72,103.99,92.91,83.7,75.46,99.84,28.48,96.92,43.99,113.33,155.19,129.21,0.0211,0,0.3371,3.0235,48.3002,76.2507,129.9994,89.5574,61.638,13.3964,0,0,-10.9739,-7.7862,-5.7074,-1.4233,5.2861,9.4977,17.221,14.1903,10.8277,2.3368,-6.6443,-7.419,BritishColumbia,DystricBrunisol,Brown,1.4,Medium,3.8,30,0.8,0.05,40,0,0.0519,0.0519,0.0357,0.0357,59.808,0,148.5148
Farm74,0.00042,2025,2024,Vegetables,Reduced,0,0,0,0,0.02,0.02,0.01,0.01,0,5,0.45,539,CashCrop,0,0,No,RainFed,0,0.8,80,100,100,2,No,0,1.78,0.23,Custom,137.74,61.48,81.44,41.23,43.51,64.45,23.8,62.05,45.55,109.35,139.5,128.84,5.767,8.8801,27.3479,48.5269,85.0051,93.0472,145.5332,102.9361,68.3434,28.2829,9.4482,7.5061,1.4932,2.3421,4.2929,5.9607,10.249,12.581,18.3048,17.6381,13.7053,7.8968,3.759,3.4819,BritishColumbia,HumoFerricPodzol,Brown,1.5,Fine,4.9000001,50,0.33,0.2,85,0,0.0306,0.0306,0.0265,0.0265,0.0523,0,140.1121095
Farm75,6.944,2025,2023,Vegetables,Reduced,0,0,0,0,0.02,0.02,0.01,0.01,0,5,0.45,500,CashCrop,0,0,No,RainFed,0,0.8,80,100,100,2,No,0,2.39,0.23,Custom,57.33,76.17,25.88,48.06,62.65,41.94,29.81,38.84,37.57,41.27,49.85,73.86,0.1115,0,0,23.6602,106.6447,114.0941,139.3701,111.9563,67.1524,27.9845,0.8113,0.0463,-7.5242,-6.8339,-5.3042,2.5153,13.5597,15.2833,19.0877,18.4423,12.587,5.9952,-2.726,-5.0923,BritishColumbia,GrayLuvisol,Black,1.35,Coarse,5.4000001,150,0.55,0.08,13,0,0.0166,0.0166,0.0202,0.0202,1161.7312,0,177.3464
Farm76,0.064,2025,2025,BerriesAndGrapes,Reduced,0,0,0,0,0.007,0.02,0.01,0.01,0,5,0.45,15,CashCrop,0,0,No,RainFed,0,0.85,85,100,100,2,No,0,1.78,0.23,Custom,38.78,50.94,103.74,46.42,68.12,86.08,55.87,65.29,-2975.2,0,0,0,0,0.0329,1.5319,38.2154,79.6691,108.5889,114.7647,117.1518,48.5047,0,0,0,-9.5052,-11.0614,-1.4758,4.157,9.48,13.6377,16.8581,18.3139,-141.6247,0,0,0,BritishColumbia,EutricBrunisol,Brown,1.15,Coarse,6.0999999,150,0.5,0.09,20,0,0.0037,0.0037,0.014,0.014,7.9744,0,129.4321
Farm77,0.196,2025,2021,Vegetables,Reduced,0,0,0,0,0.02,0.02,0.01,0.01,0,5,0.45,11.3398,CashCrop,0,0,No,RainFed,0,0.8,80,100,100,2,No,0,1.78,0.23,Custom,214.22,132.68,81.47,46.06,43.11,38.22,4.16,28.28,163.05,183.95,369.57,172.09,12.3909,12.4283,33.7562,68.95,93.654,129.4601,144.2629,105.6691,62.7162,31.3922,14.6432,6.7979,5.2974,3.4432,6.4358,9.6127,12.6484,17.7973,19.4481,18.7687,14.991,10.1558,7.7773,1.8752,BritishColumbia,HumicGleysol,Brown,1.1,Medium,4.0999999,220,0.02,0.28,11,0,0.0555,0.0555,0.0304,0.0304,24.4216,0,148.0507
Farm77,2.5,2025,2023,Vegetables,Reduced,0,0,0,0,0.02,0.02,0.01,0.01,0,5,0.45,226.796,CashCrop,0,0,No,RainFed,0,0.8,80,100,100,2,No,0,1.78,0.23,Custom,214.22,132.68,81.47,46.06,43.11,38.22,4.16,28.28,163.05,183.95,369.57,172.09,12.3909,12.4283,33.7562,68.95,93.654,129.4601,144.2629,105.6691,62.7162,31.3922,14.6432,6.7979,5.2974,3.4432,6.4358,9.6127,12.6484,17.7973,19.4481,18.7687,14.991,10.1558,7.7773,1.8752,BritishColumbia,HumicGleysol,Brown,1.1,Medium,4.0999999,220,0.02,0.28,11,0,0.0557,0.0557,0.0305,0.0305,311.5,0,148.1326
Farm78,0.06,2025,2022,BeansDryField,Reduced,0.539,0.412,0.03,0.019,0.042,0.01,0.01,0.01,0,5,0.45,60,CashCrop,0,0,No,RainFed,0,0.13,13,100,100,2,No,0,1.78,0.23,Custom,106.12,48.94,77.62,87.62,85.73,59.83,36.44,17.37,10.29,67.59,77.13,122.48,10.0357,14.656,35.6491,49.6353,73.9397,102.7047,139.8711,130.6162,88.422,53.539,14.8114,6.8928,3.4835,3.8911,6.371,6.6683,10.041,14.7093,19.2003,20.5235,16.678,13.0119,4.3467,2.1119,BritishColumbia,DystricBrunisol,Brown,1,Fine,5.4000001,90,0.09,0.18,37,-1797.7209,0.2002,0.2002,0.122,0.122,7.476,0,6804.2039
Farm79,0.788,2025,2020,Vegetables,Reduced,0,0,0,0,0.02,0.02,0.01,0.01,0,5,0.45,226.796,CashCrop,0,0,No,RainFed,0,0.8,80,100,100,2,No,0,1.78,0.23,Custom,179.02,59.04,34.26,30.53,68.26,53.91,30.07,45.93,55.74,83.07,124.81,142.93,9.3761,15.7148,30.2729,62.5204,92.6323,90.9044,118.4863,112.8347,73.1615,35.6684,15.1897,10.4153,4.4916,4.2362,4.9184,9.0753,12.9542,14.8063,17.8084,17.9245,16.8267,10.819,6.3113,4.8158,BritishColumbia,DystricBrunisol,Brown,0.15,Medium,4.6999998,50,-0.09,-0.09,482.000008,0,0.0318,0.0318,0.0257,0.0257,98.1848,0,140.2975
Farm80,1.749,2025,2024,BerriesAndGrapes,Reduced,0,0,0,0,0.007,0.02,0.01,0.01,0,5,0.45,90.7184,CashCrop,0,0,No,RainFed,0,0.85,85,100,100,2,No,0,1.78,0.23,Custom,156.02,67.3,80.38,52.36,48.71,40.22,16.51,66.04,48.08,130.11,134.51,132.1,8.9825,17.0985,38.2751,60.947,94.8759,110.5722,153.3216,108.1211,73.8927,36.6057,15.3845,11.545,3.3894,4.9586,6.3106,8.048,11.8855,14.496,19.889,18.7261,15.2967,9.4306,5.7817,5.0981,BritishColumbia,DystricBrunisol,Brown,1,Fine,5.4000001,90,0.09,0.18,37,0,0.0317,0.0317,0.0246,0.0246,217.9254,0,139.9699
Farm80,1.839,2025,2025,Soybeans,Reduced,0.304,0.455,0.146,0.095,0.067,0.006,0.01,0.01,0.7,5,0.45,0,CashCrop,0,0,No,RainFed,0,0.14,14,100,100,2,No,0,1.78,0.23,Custom,156.02,67.3,80.38,52.36,48.71,40.22,16.51,66.04,48.08,130.11,134.51,132.1,8.9825,17.0985,38.2751,60.947,94.8759,110.5722,153.3216,108.1211,73.8927,36.6057,15.3845,11.545,3.3894,4.9586,6.3106,8.048,11.8855,14.496,19.889,18.7261,15.2967,9.4306,5.7817,5.0981,BritishColumbia,DystricBrunisol,Brown,1,Fine,5.4000001,90,0.09,0.18,37,1.2862,0.2065,0.2065,0.122,0.122,229.1394,0,209.5644333
Farm80,1.839,2025,2024,Vegetables,Reduced,0,0,0,0,0.02,0.02,0.01,0.01,0,5,0.45,1038.96,CashCrop,0,0,No,RainFed,0,0.8,80,100,100,2,No,0,1.78,0.23,Custom,156.02,67.3,80.38,52.36,48.71,40.22,16.51,66.04,48.08,130.11,134.51,132.1,8.9825,17.0985,38.2751,60.947,94.8759,110.5722,153.3216,108.1211,73.8927,36.6057,15.3845,11.545,3.3894,4.9586,6.3106,8.048,11.8855,14.496,19.889,18.7261,15.2967,9.4306,5.7817,5.0981,BritishColumbia,DystricBrunisol,Brown,1,Fine,5.4000001,90,0.09,0.18,37,1.1324,0.032,0.032,0.0247,0.0247,229.1394,0,135.9269667
Farm80,1.839,2025,2025,Vegetables,Reduced,0,0,0,0,0.02,0.02,0.01,0.01,0,5,0.45,0,CashCrop,0,0,No,RainFed,0,0.8,80,100,100,2,No,0,1.78,0.23,Custom,156.02,67.3,80.38,52.36,48.71,40.22,16.51,66.04,48.08,130.11,134.51,132.1,8.9825,17.0985,38.2751,60.947,94.8759,110.5722,153.3216,108.1211,73.8927,36.6057,15.3845,11.545,3.3894,4.9586,6.3106,8.048,11.8855,14.496,19.889,18.7261,15.2967,9.4306,5.7817,5.0981,BritishColumbia,DystricBrunisol,Brown,1,Fine,5.4000001,90,0.09,0.18,37,-1.7127,0.0326,0.0326,0.0248,0.0248,229.1394,0,146.5501
Farm80,0.139,2025,2024,Vegetables,Reduced,0,0,0,0,0.02,0.02,0.01,0.01,0,5,0.45,0,CashCrop,0,0,No,RainFed,0,0.8,80,100,100,2,No,0,1.78,0.23,Custom,156.02,67.3,80.38,52.36,48.71,40.22,16.51,66.04,48.08,130.11,134.51,132.1,8.9825,17.0985,38.2751,60.947,94.8759,110.5722,153.3216,108.1211,73.8927,36.6057,15.3845,11.545,3.3894,4.9586,6.3106,8.048,11.8855,14.496,19.889,18.7261,15.2967,9.4306,5.7817,5.0981,BritishColumbia,DystricBrunisol,Brown,1,Fine,5.4000001,90,0.09,0.18,37,0,0.0317,0.0317,0.0246,0.0246,17.3194,0,139.9699
Farm80,0.53,2025,2025,Soybeans,Reduced,0.304,0.455,0.146,0.095,0.067,0.006,0.01,0.01,0.7,5,0.45,219.455993,CashCrop,0,0,No,RainFed,0,0.14,14,100,100,2,No,0,1.78,0.23,Custom,156.02,67.3,80.38,52.36,48.71,40.22,16.51,66.04,48.08,130.11,134.51,132.1,8.9825,17.0985,38.2751,60.947,94.8759,110.5722,153.3216,108.1211,73.8927,36.6057,15.3845,11.545,3.3894,4.9586,6.3106,8.048,11.8855,14.496,19.889,18.7261,15.2967,9.4306,5.7817,5.0981,BritishColumbia,DystricBrunisol,Brown,1,Fine,5.4000001,90,0.09,0.18,37,-1541.8333,0.2065,0.2065,0.122,0.122,66.038,0,5867.669267
Farm80,0.53,2025,2024,SugarBeets,Reduced,0.626,0.357,0.01,0.007,0.01,0.029,0.01,0.01,0,5,0.45,305.721008,CashCrop,0,0,No,RainFed,0,0.8,80,100,100,0,No,0,1.78,0.23,Custom,156.02,67.3,80.38,52.36,48.71,40.22,16.51,66.04,48.08,130.11,134.51,132.1,8.9825,17.0985,38.2751,60.947,94.8759,110.5722,153.3216,108.1211,73.8927,36.6057,15.3845,11.545,3.3894,4.9586,6.3106,8.048,11.8855,14.496,19.889,18.7261,15.2967,9.4306,5.7817,5.0981,BritishColumbia,DystricBrunisol,Brown,1,Fine,5.4000001,90,0.09,0.18,37,-3748.926,1.3096,1.3096,0.7369,0.7369,66.038,0,14429.3565
Farm80,0.53,2025,2024,Vegetables,Reduced,0,0,0,0,0.02,0.02,0.01,0.01,0,5,0.45,90.7184,CashCrop,0,0,No,RainFed,0,0.8,80,100,100,2,No,0,1.78,0.23,Custom,156.02,67.3,80.38,52.36,48.71,40.22,16.51,66.04,48.08,130.11,134.51,132.1,8.9825,17.0985,38.2751,60.947,94.8759,110.5722,153.3216,108.1211,73.8927,36.6057,15.3845,11.545,3.3894,4.9586,6.3106,8.048,11.8855,14.496,19.889,18.7261,15.2967,9.4306,5.7817,5.0981,BritishColumbia,DystricBrunisol,Brown,1,Fine,5.4000001,90,0.09,0.18,37,0.0544,0.0318,0.0318,0.0246,0.0246,66.038,0,139.7977333
Farm80,0.53,2025,2025,Vegetables,Reduced,0,0,0,0,0.02,0.02,0.01,0.01,0,5,0.45,40.82328,CashCrop,0,0,No,RainFed,0,0.8,80,100,100,2,No,0,1.78,0.23,Custom,156.02,67.3,80.38,52.36,48.71,40.22,16.51,66.04,48.08,130.11,134.51,132.1,8.9825,17.0985,38.2751,60.947,94.8759,110.5722,153.3216,108.1211,73.8927,36.6057,15.3845,11.545,3.3894,4.9586,6.3106,8.048,11.8855,14.496,19.889,18.7261,15.2967,9.4306,5.7817,5.0981,BritishColumbia,DystricBrunisol,Brown,1,Fine,5.4000001,90,0.09,0.18,37,-0.0823,0.0318,0.0318,0.0246,0.0246,66.038,0,140.2989667
Farm81,238.574,2025,2024,Vegetables,Reduced,0,0,0,0,0.02,0.02,0.01,0.01,0,5,0.45,150,CashCrop,0,0,No,RainFed,0,0.8,80,100,100,2,No,0,1.78,0.23,Custom,245.07,117.53,106.45,95.37,78.27,69.05,22.77,99.83,72.7,231.19,206.39,213.38,10.0548,19.4276,38.4257,60.1263,87.2473,99.9078,145.4623,102.0884,68.5906,32.7732,14.1657,11.952,4.1829,5.7748,6.9984,8.738,12.0077,14.305,19.0797,17.741,14.789,9.6526,6.105,5.8148,BritishColumbia,HumicGleysol,Brown,1.1,Medium,4.0999999,220,0.02,0.28,11,-9.7766,0.1064,0.1064,0.038,0.038,29726.3204,0,199.8687333
Farm82,0.046,2025,2024,Vegetables,Reduced,0,0,0,0,0.02,0.02,0.01,0.01,0,5,0.45,1904.617038,CashCrop,0,0,No,RainFed,0,0.8,80,100,100,2,No,0,1.78,0.23,Custom,252.84,143.89,107.95,113.13,91.98,91.1,30.4,119.08,78.59,249.68,219.56,239.24,7.485,13.5648,33.8219,56.574,84.2535,98.2298,145.3637,102.7436,67.9045,30.7679,10.0213,8.2924,1.6384,4.0428,5.8971,7.931,11.3035,13.8203,19.0881,17.9316,14.5547,8.7235,4.046,3.8787,BritishColumbia,MelanicBrunisol,Brown,1,Medium,5.0999999,170,0.05,0.24,54.000001,0,0.1655,0.1655,0.0365,0.0365,5.7316,0,179.746
Farm82,0.056,2025,2024,Vegetables,Reduced,0,0,0,0,0.02,0.02,0.01,0.01,0,5,0.45,128.0159959,CashCrop,0,0,No,RainFed,0,0.8,80,100,100,2,No,0,1.78,0.23,Custom,252.84,143.89,107.95,113.13,91.98,91.1,30.4,119.08,78.59,249.68,219.56,239.24,7.485,13.5648,33.8219,56.574,84.2535,98.2298,145.3637,102.7436,67.9045,30.7679,10.0213,8.2924,1.6384,4.0428,5.8971,7.931,11.3035,13.8203,19.0881,17.9316,14.5547,8.7235,4.046,3.8787,BritishColumbia,MelanicBrunisol,Brown,1,Medium,5.0999999,170,0.05,0.24,54.000001,0,0.1612,0.1612,0.0357,0.0357,6.9776,0,178.3537
Farm82,0.039,2025,2024,DryPeas,Reduced,0.245,0.49,0.162,0.103,0.0704,0.0304,0.0225,0.0225,0,5,0.45,27.43199912,CashCrop,0,0,No,RainFed,0,0.13,13,100,100,2,No,0,1.78,0.23,Custom,252.84,143.89,107.95,113.13,91.98,91.1,30.4,119.08,78.59,249.68,219.56,239.24,7.485,13.5648,33.8219,56.574,84.2535,98.2298,145.3637,102.7436,67.9045,30.7679,10.0213,8.2924,1.6384,4.0428,5.8971,7.931,11.3035,13.8203,19.0881,17.9316,14.5547,8.7235,4.046,3.8787,BritishColumbia,MelanicBrunisol,Brown,1,Medium,5.0999999,170,0.05,0.24,54.000001,-2804.5044,5.4374,5.4374,1.0483,1.0483,4.8594,0,12178.3789
Farm82,0.047,2025,2024,Vegetables,Reduced,0,0,0,0,0.02,0.02,0.01,0.01,0,5,0.45,635.6251264,CashCrop,0,0,No,RainFed,0,0.8,80,100,100,2,No,0,1.78,0.23,Custom,252.84,143.89,107.95,113.13,91.98,91.1,30.4,119.08,78.59,249.68,219.56,239.24,7.485,13.5648,33.8219,56.574,84.2535,98.2298,145.3637,102.7436,67.9045,30.7679,10.0213,8.2924,1.6384,4.0428,5.8971,7.931,11.3035,13.8203,19.0881,17.9316,14.5547,8.7235,4.046,3.8787,BritishColumbia,MelanicBrunisol,Brown,1,Medium,5.0999999,170,0.05,0.24,54.000001,0,0.1624,0.1624,0.036,0.036,5.8562,0,178.7632
Farm82,0.063,2025,2024,BerriesAndGrapes,Reduced,0,0,0,0,0.007,0.02,0.01,0.01,0,5,0.45,9.07184,CashCrop,0,0,No,RainFed,0,0.85,85,100,100,2,No,0,1.78,0.23,Custom,252.84,143.89,107.95,113.13,91.98,91.1,30.4,119.08,78.59,249.68,219.56,239.24,7.485,13.5648,33.8219,56.574,84.2535,98.2298,145.3637,102.7436,67.9045,30.7679,10.0213,8.2924,1.6384,4.0428,5.8971,7.931,11.3035,13.8203,19.0881,17.9316,14.5547,8.7235,4.046,3.8787,BritishColumbia,MelanicBrunisol,Brown,1,Medium,5.0999999,170,0.05,0.24,54.000001,0,0.1608,0.1608,0.0357,0.0357,7.8498,0,178.2445
Farm82,0.056,2025,2024,Vegetables,Reduced,0,0,0,0,0.02,0.02,0.01,0.01,0,5,0.45,638.1839807,CashCrop,0,0,No,RainFed,0,0.8,80,100,100,2,No,0,1.78,0.23,Custom,252.84,143.89,107.95,113.13,91.98,91.1,30.4,119.08,78.59,249.68,219.56,239.24,7.485,13.5648,33.8219,56.574,84.2535,98.2298,145.3637,102.7436,67.9045,30.7679,10.0213,8.2924,1.6384,4.0428,5.8971,7.931,11.3035,13.8203,19.0881,17.9316,14.5547,8.7235,4.046,3.8787,BritishColumbia,MelanicBrunisol,Brown,1,Medium,5.0999999,170,0.05,0.24,54.000001,0,0.1624,0.1624,0.036,0.036,6.9776,0,178.7632
Farm82,0.09290313,2025,2024,SugarBeets,Reduced,0.626,0.357,0.01,0.007,0.01,0.029,0.01,0.01,0,5,0.45,68.0388,CashCrop,0,0,No,RainFed,0,0.8,80,100,100,0,No,0,1.78,0.23,Custom,252.84,143.89,107.95,113.13,91.98,91.1,30.4,119.08,78.59,249.68,219.56,239.24,7.485,13.5648,33.8219,56.574,84.2535,98.2298,145.3637,102.7436,67.9045,30.7679,10.0213,8.2924,1.6384,4.0428,5.8971,7.931,11.3035,13.8203,19.0881,17.9316,14.5547,8.7235,4.046,3.8787,BritishColumbia,MelanicBrunisol,Brown,1,Medium,5.0999999,170,0.05,0.24,54.000001,-3762.7237,6.6373,6.6373,1.2786,1.2786,11.5757,0,16082.29394
Farm82,0.09290313,2025,2024,Vegetables,Reduced,0,0,0,0,0.02,0.02,0.01,0.01,0,5,0.45,714.49988,CashCrop,0,0,No,RainFed,0,0.8,80,100,100,2,No,0,1.78,0.23,Custom,252.84,143.89,107.95,113.13,91.98,91.1,30.4,119.08,78.59,249.68,219.56,239.24,7.485,13.5648,33.8219,56.574,84.2535,98.2298,145.3637,102.7436,67.9045,30.7679,10.0213,8.2924,1.6384,4.0428,5.8971,7.931,11.3035,13.8203,19.0881,17.9316,14.5547,8.7235,4.046,3.8787,BritishColumbia,MelanicBrunisol,Brown,1,Medium,5.0999999,170,0.05,0.24,54.000001,0,0.1626,0.1626,0.036,0.036,11.5757,0,178.8174771
Farm82,0.054,2025,2024,Vegetables,Reduced,0,0,0,0,0.02,0.02,0.01,0.01,0,5,0.45,21.04571361,CashCrop,0,0,No,RainFed,0,0.8,80,100,100,2,No,0,1.78,0.23,Custom,252.84,143.89,107.95,113.13,91.98,91.1,30.4,119.08,78.59,249.68,219.56,239.24,7.485,13.5648,33.8219,56.574,84.2535,98.2298,145.3637,102.7436,67.9045,30.7679,10.0213,8.2924,1.6384,4.0428,5.8971,7.931,11.3035,13.8203,19.0881,17.9316,14.5547,8.7235,4.046,3.8787,BritishColumbia,MelanicBrunisol,Brown,1,Medium,5.0999999,170,0.05,0.24,54.000001,0,0.1609,0.1609,0.0357,0.0357,6.7284,0,178.2718
Farm82,0.049,2025,2024,Vegetables,Reduced,0,0,0,0,0.02,0.02,0.01,0.01,0,5,0.45,2018.995135,CashCrop,0,0,No,RainFed,0,0.8,80,100,100,2,No,0,1.78,0.23,Custom,252.84,143.89,107.95,113.13,91.98,91.1,30.4,119.08,78.59,249.68,219.56,239.24,7.485,13.5648,33.8219,56.574,84.2535,98.2298,145.3637,102.7436,67.9045,30.7679,10.0213,8.2924,1.6384,4.0428,5.8971,7.931,11.3035,13.8203,19.0881,17.9316,14.5547,8.7235,4.046,3.8787,BritishColumbia,MelanicBrunisol,Brown,1,Medium,5.0999999,170,0.05,0.24,54.000001,0,0.1658,0.1658,0.0366,0.0366,6.1054,0,179.8552
Farm82,0.053,2025,2024,BeansDryField,Reduced,0.539,0.412,0.03,0.019,0.042,0.01,0.01,0.01,0,5,0.45,34.16,CashCrop,0,0,No,RainFed,0,0.13,13,100,100,2,No,0,1.78,0.23,Custom,252.84,143.89,107.95,113.13,91.98,91.1,30.4,119.08,78.59,249.68,219.56,239.24,7.485,13.5648,33.8219,56.574,84.2535,98.2298,145.3637,102.7436,67.9045,30.7679,10.0213,8.2924,1.6384,4.0428,5.8971,7.931,11.3035,13.8203,19.0881,17.9316,14.5547,8.7235,4.046,3.8787,BritishColumbia,MelanicBrunisol,Brown,1,Medium,5.0999999,170,0.05,0.24,54.000001,-1858.4833,1.4014,1.4014,0.2737,0.2737,6.6038,0,7396.341067
Farm82,0.053,2025,2024,Vegetables,Reduced,0,0,0,0,0.02,0.02,0.01,0.01,0,5,0.45,614.0274491,CashCrop,0,0,No,RainFed,0,0.8,80,100,100,2,No,0,1.78,0.23,Custom,252.84,143.89,107.95,113.13,91.98,91.1,30.4,119.08,78.59,249.68,219.56,239.24,7.485,13.5648,33.8219,56.574,84.2535,98.2298,145.3637,102.7436,67.9045,30.7679,10.0213,8.2924,1.6384,4.0428,5.8971,7.931,11.3035,13.8203,19.0881,17.9316,14.5547,8.7235,4.046,3.8787,BritishColumbia,MelanicBrunisol,Brown,1,Medium,5.0999999,170,0.05,0.24,54.000001,0,0.1623,0.1623,0.0359,0.0359,6.6038,0,178.7086
Farm82,0.044,2025,2024,DryPeas,Reduced,0.245,0.49,0.162,0.103,0.0704,0.0304,0.0225,0.0225,0,5,0.45,3209.543897,CashCrop,0,0,No,RainFed,0,0.13,13,100,100,2,No,0,1.78,0.23,Custom,252.84,143.89,107.95,113.13,91.98,91.1,30.4,119.08,78.59,249.68,219.56,239.24,7.485,13.5648,33.8219,56.574,84.2535,98.2298,145.3637,102.7436,67.9045,30.7679,10.0213,8.2924,1.6384,4.0428,5.8971,7.931,11.3035,13.8203,19.0881,17.9316,14.5547,8.7235,4.046,3.8787,BritishColumbia,MelanicBrunisol,Brown,1,Medium,5.0999999,170,0.05,0.24,54.000001,217.4249,5.4374,5.4374,1.0483,1.0483,5.4824,0,1097.971467
Farm82,0.044,2025,2024,Vegetables,Reduced,0,0,0,0,0.02,0.02,0.01,0.01,0,5,0.45,33.679206,CashCrop,0,0,No,RainFed,0,0.8,80,100,100,2,No,0,1.78,0.23,Custom,252.84,143.89,107.95,113.13,91.98,91.1,30.4,119.08,78.59,249.68,219.56,239.24,7.485,13.5648,33.8219,56.574,84.2535,98.2298,145.3637,102.7436,67.9045,30.7679,10.0213,8.2924,1.6384,4.0428,5.8971,7.931,11.3035,13.8203,19.0881,17.9316,14.5547,8.7235,4.046,3.8787,BritishColumbia,MelanicBrunisol,Brown,1,Medium,5.0999999,170,0.05,0.24,54.000001,0,0.1609,0.1609,0.0357,0.0357,5.4824,0,178.2718
Farm82,0.027,2025,2024,Vegetables,Reduced,0,0,0,0,0.02,0.02,0.01,0.01,0,5,0.45,28.88159943,CashCrop,0,0,No,RainFed,0,0.8,80,100,100,2,No,0,1.78,0.23,Custom,252.84,143.89,107.95,113.13,91.98,91.1,30.4,119.08,78.59,249.68,219.56,239.24,7.485,13.5648,33.8219,56.574,84.2535,98.2298,145.3637,102.7436,67.9045,30.7679,10.0213,8.2924,1.6384,4.0428,5.8971,7.931,11.3035,13.8203,19.0881,17.9316,14.5547,8.7235,4.046,3.8787,BritishColumbia,MelanicBrunisol,Brown,1,Medium,5.0999999,170,0.05,0.24,54.000001,0,0.1609,0.1609,0.0357,0.0357,3.3642,0,178.2718
Farm82,0.052,2025,2024,DryPeas,Reduced,0.245,0.49,0.162,0.103,0.0704,0.0304,0.0225,0.0225,0,5,0.45,3209.543897,CashCrop,0,0,No,RainFed,0,0.13,13,100,100,2,No,0,1.78,0.23,Custom,252.84,143.89,107.95,113.13,91.98,91.1,30.4,119.08,78.59,249.68,219.56,239.24,7.485,13.5648,33.8219,56.574,84.2535,98.2298,145.3637,102.7436,67.9045,30.7679,10.0213,8.2924,1.6384,4.0428,5.8971,7.931,11.3035,13.8203,19.0881,17.9316,14.5547,8.7235,4.046,3.8787,BritishColumbia,MelanicBrunisol,Brown,1,Medium,5.0999999,170,0.05,0.24,54.000001,217.4249,5.4374,5.4374,1.0483,1.0483,6.4792,0,1097.971467
Farm83,0.625,2025,2022,Potatoes,Reduced,0.736,0.239,0.015,0.01,0.015,0.02,0.01,0.01,0,5,0.45,192,CashCrop,0,0,No,RainFed,0,0.75,75,100,100,0,No,0,1.78,0.23,Custom,284.15,113.87,181.73,183.62,182.58,122.59,45.15,30.03,25.51,159.29,161.07,282.72,2.7508,4.0598,14.6639,27.3726,54.9976,88.7844,126.1289,119.9943,79.7894,47.9274,3.306,1.4211,-0.0213,-0.6364,2.2497,3.4883,7.4755,13.1317,17.7619,18.9797,14.675,11.2881,-0.2497,-3.3394,BritishColumbia,HumoFerricPodzol,Brown,0.8,Medium,4.6999998,150,0.65,0.04,25,-1371.1517,1.046,1.046,0.3472,0.3472,77.875,0,5532.499833
Farm84,4.98,2025,2023,BerriesAndGrapes,Reduced,0,0,0,0,0.007,0.02,0.01,0.01,0,5,0.45,1186.525,CashCrop,0,0,No,RainFed,0,0.85,85,100,100,2,No,0,1.78,0.23,Custom,125.37,117.6,72.91,125.75,34.16,33.94,20.56,33.83,57.46,121.99,144.51,211.92,11.6857,12.6577,35.7662,47.4431,109.2211,119.7772,140.1285,113.2192,71.7313,42.3619,18.6572,12.6454,5.1606,4.2443,6.051,8.2047,14.8861,15.6163,18.4529,18.9113,15.3977,11.4113,7.2537,6.7732,BritishColumbia,HumicGleysol,Brown,1.1,Medium,4.0999999,220,0.02,0.28,11,0,0.0278,0.0278,0.0219,0.0219,620.508,0,138.1681
Farm84,4.98,2025,2023,OtherFieldCrops,Reduced,0,0,0,0,0.03325,0.00975,0.01,0.01,0,5,0.45,200,CashCrop,0,0,No,RainFed,0,0.1,10,100,100,2,No,0,1.78,0.23,Custom,125.37,117.6,72.91,125.75,34.16,33.94,20.56,33.83,57.46,121.99,144.51,211.92,11.6857,12.6577,35.7662,47.4431,109.2211,119.7772,140.1285,113.2192,71.7313,42.3619,18.6572,12.6454,5.1606,4.2443,6.051,8.2047,14.8861,15.6163,18.4529,18.9113,15.3977,11.4113,7.2537,6.7732,BritishColumbia,HumicGleysol,Brown,1.1,Medium,4.0999999,220,0.02,0.28,11,0,0.0283,0.0283,0.0221,0.0221,620.508,0,138.3592
Farm84,4.98,2025,2023,SugarBeets,Reduced,0.626,0.357,0.01,0.007,0.01,0.029,0.01,0.01,0,5,0.45,5000,CashCrop,0,0,No,RainFed,0,0.8,80,100,100,0,No,0,1.78,0.23,Custom,125.37,117.6,72.91,125.75,34.16,33.94,20.56,33.83,57.46,121.99,144.51,211.92,11.6857,12.6577,35.7662,47.4431,109.2211,119.7772,140.1285,113.2192,71.7313,42.3619,18.6572,12.6454,5.1606,4.2443,6.051,8.2047,14.8861,15.6163,18.4529,18.9113,15.3977,11.4113,7.2537,6.7732,BritishColumbia,HumicGleysol,Brown,1.1,Medium,4.0999999,220,0.02,0.28,11,-3422.9575,1.1242,1.1242,0.5923,0.5923,620.508,0,13144.04867
Farm84,4.98,2025,2023,Vegetables,Reduced,0,0,0,0,0.02,0.02,0.01,0.01,0,5,0.45,6700.5,CashCrop,0,0,No,RainFed,0,0.8,80,100,100,2,No,0,1.78,0.23,Custom,125.37,117.6,72.91,125.75,34.16,33.94,20.56,33.83,57.46,121.99,144.51,211.92,11.6857,12.6577,35.7662,47.4431,109.2211,119.7772,140.1285,113.2192,71.7313,42.3619,18.6572,12.6454,5.1606,4.2443,6.051,8.2047,14.8861,15.6163,18.4529,18.9113,15.3977,11.4113,7.2537,6.7732,BritishColumbia,HumicGleysol,Brown,1.1,Medium,4.0999999,220,0.02,0.28,11,0,0.0305,0.0305,0.0233,0.0233,620.508,0,139.2874
Farm85,2.361,2025,2022,BeansDryField,Reduced,0.539,0.412,0.03,0.019,0.042,0.01,0.01,0.01,0,5,0.45,6.72,CashCrop,0,0,No,RainFed,0,0.13,13,100,100,2,No,0,1.78,0.23,Custom,180.64,82.83,110.11,132.8,99.44,83.55,31.16,15.65,10.38,103.88,130.62,194.19,11.524,15.473,34.8761,46.4935,69.5239,96.9368,130.2284,122.9584,83.721,51.8261,14.6075,7.1255,4.1771,4.18,6.2416,6.1207,9.1055,13.1773,16.4423,17.8729,14.9063,12.2413,4.4343,2.3942,BritishColumbia,DystricBrunisol,Brown,1.2,Coarse,4.8000002,80,0.78,0.06,68.000002,-1904.6825,0.2768,0.2768,0.1644,0.1644,294.1806,0,7228.883433
Farm85,2.361,2025,2022,Vegetables,Reduced,0,0,0,0,0.02,0.02,0.01,0.01,0,5,0.45,2.933333333,CashCrop,0,0,No,RainFed,0,0.8,80,100,100,2,No,0,1.78,0.23,Custom,180.64,82.83,110.11,132.8,99.44,83.55,31.16,15.65,10.38,103.88,130.62,194.19,11.524,15.473,34.8761,46.4935,69.5239,96.9368,130.2284,122.9584,83.721,51.8261,14.6075,7.1255,4.1771,4.18,6.2416,6.1207,9.1055,13.1773,16.4423,17.8729,14.9063,12.2413,4.4343,2.3942,BritishColumbia,DystricBrunisol,Brown,1.2,Coarse,4.8000002,80,0.78,0.06,68.000002,0,0.0319,0.0319,0.025,0.025,294.1806,0,140.1337
Farm86,35.936,2025,2024,Vegetables,Reduced,0,0,0,0,0.02,0.02,0.01,0.01,0,5,0.45,100,CashCrop,0,0,No,RainFed,0,0.8,80,100,100,2,No,0,1.78,0.23,Custom,186.75,94.4,80.11,67.74,61.85,52.44,19.58,75.04,51.99,145.79,167.41,169.27,11.3635,20.714,42.2069,63.4194,91.5084,105.378,145.3712,102.6001,70.9461,37.2618,16.8871,13.2764,4.9732,6.3262,7.3916,8.6277,11.15,13.2317,17.6803,16.7232,14.152,9.6794,6.5483,6.1371,BritishColumbia,SombricBrunisol,Brown,1.4,Fine,4.5999999,200,0.58,0.04,25,0,0.0413,0.0413,0.0283,0.0283,4477.6256,0,143.6008
Farm87,0.695,2025,2024,Vegetables,Reduced,0,0,0,0,0.02,0.02,0.01,0.01,0,5,0.45,222.5,CashCrop,0,0,No,RainFed,0,0.8,80,100,100,2,No,0,1.78,0.23,Custom,367.06,170.21,177.95,136.13,111.52,116.47,30.34,117.44,108.2,311.49,280.47,314.62,4.4195,6.2474,20.7135,42.4848,77.2249,92.5367,141.984,100.2646,64.4383,26.6927,5.2754,3.8482,-1.0865,1.1393,2.3668,5.2073,9.72,12.2987,18.0584,16.8406,13.099,6.8961,1.433,1.439,BritishColumbia,HumoFerricPodzol,Brown,0.8,Medium,4.6999998,150,0.65,0.04,25,0,0.3421,0.3421,0.0358,0.0358,86.597,0,227.7667
Farm88,0.262,2025,2020,BerriesAndGrapes,Reduced,0,0,0,0,0.007,0.02,0.01,0.01,0,5,0.45,5.613201,CashCrop,0,0,No,RainFed,0,0.85,85,100,100,2,No,0,1.78,0.23,Custom,462.38,250.89,161.14,83.12,151.74,131.68,60.52,38.93,130.55,225.43,313.99,279.45,2.4823,1.6013,7.336,38.1586,80.7695,79.5203,108.8592,103.1273,68.0544,26.4341,5.9287,2.3539,-0.5971,-0.939,0.0035,4.6617,10.2277,11.6923,14.8665,14.9058,14.5147,7.0194,1.9687,0.0055,BritishColumbia,MelanicBrunisol,Brown,1,Medium,5.0999999,170,0.05,0.24,54.000001,0,0.2486,0.2486,0.0357,0.0357,32.6452,0,202.2139
Farm89,0.184,2025,2023,Vegetables,Reduced,0,0,0,0,0.02,0.02,0.01,0.01,0,5,0.45,1.6,CashCrop,0,0,No,RainFed,0,0.8,80,100,100,2,No,0,1.78,0.23,Custom,140.47,210.37,126.53,154.25,62.32,58.54,23.28,50.51,80.65,100.71,218.02,258.15,2.1409,1.8262,9.3727,27.7089,102.2771,111.0952,133.624,108.7475,64.8658,32.5424,7.1308,3.8191,-0.6594,-1.5904,0.4697,3.975,13.0616,13.4123,16.6177,17.3055,12.5503,8.1294,2.3187,1.3716,BritishColumbia,MelanicBrunisol,Brown,1,Medium,5.0999999,170,0.05,0.24,54.000001,0,0.0364,0.0364,0.0267,0.0267,22.9264,0,141.8263
Farm90,1.601,2025,2021,Vegetables,Reduced,0,0,0,0,0.02,0.02,0.01,0.01,0,5,0.45,20.41166,CashCrop,0,0,No,RainFed,0,0.8,80,100,100,2,No,0,1.78,0.23,Custom,354.36,164.7,165.85,72.82,71.64,64.52,11.23,47.73,254.81,337.99,525.46,259.27,2.6337,1.4969,7.2922,46.2205,80.0548,123.7839,139.9835,100.3063,56.8481,22.9676,6.9289,0.6929,-0.1677,-2.4054,0.9945,5.4297,9.6313,16.388,18.1297,16.7106,12.3057,6.4071,3.172,-4.2994,BritishColumbia,HumoFerricPodzol,Brown,0.8,Medium,4.6999998,150,0.65,0.04,25,0,0.327,0.327,0.0357,0.0357,199.4846,0,223.6171
Farm91,33.133,2025,2023,BerriesAndGrapes,Reduced,0,0,0,0,0.007,0.02,0.01,0.01,0,5,0.45,46,CashCrop,0,0,No,RainFed,0,0.85,85,100,100,2,No,0,1.78,0.23,Custom,230.59,202.9,102.81,214.51,41.87,50.76,39.86,49.36,100.43,182.32,210.23,324.01,2.7058,2.3677,13.3664,29.1705,102.7883,114.8125,136.0628,109.4744,66.022,34.8434,8.2512,5.2343,0.0019,-1.0489,1.5839,4.141,13.2,14.313,17.2439,17.5661,12.965,8.6258,2.7983,2.2558,BritishColumbia,HumoFerricPodzol,Brown,0.8,Medium,4.6999998,150,0.65,0.04,25,0,0.0564,0.0564,0.0307,0.0307,4128.3718,0,148.3783
Farm92,0.396,2025,2023,ForageForSeed,Reduced,0.1,0.392,0.308,0.2,0.03,0.015,0.013,0.013,0,5,0.45,195.84,CashCrop,0,0,No,RainFed,0,0.13,13,0,100,35,No,0,1.78,0.23,Custom,81.44,62.2,48.06,73.52,31.49,28.86,25.64,31,39.62,100.84,92.71,134.1,11.399,11.58,33.7504,50.384,121.1063,126.733,151.5691,119.4387,77.7653,42.9462,18.8609,12.6089,4.5945,3.4493,5.1784,7.4123,15.2823,16.2653,19.18,19.5152,15.5283,10.8732,6.4883,5.9571,BritishColumbia,DystricBrunisol,Brown,1.35,Fine,4.9000001,90,0.48,0.1,25,-65241.9109,2.4647,2.4647,3.809,3.809,49.3416,0,241057.6601
Farm92,0.305,2025,2023,DryPeas,Reduced,0.263,0.533,0.126,0.078,0.0694,0.0316,0.0282,0.0282,0,5,0.45,32.94,CashCrop,0,0,No,RainFed,0,0.13,13,100,100,2,No,0,1.78,0.23,Custom,81.44,62.2,48.06,73.52,31.49,28.86,25.64,31,39.62,100.84,92.71,134.1,11.399,11.58,33.7504,50.384,121.1063,126.733,151.5691,119.4387,77.7653,42.9462,18.8609,12.6089,4.5945,3.4493,5.1784,7.4123,15.2823,16.2653,19.18,19.5152,15.5283,10.8732,6.4883,5.9571,BritishColumbia,DystricBrunisol,Brown,1.35,Fine,4.9000001,90,0.48,0.1,25,-2785.6719,0.8301,0.8301,0.4045,0.4045,38.003,0,10675.7761
Farm92,0.305,2025,2023,SugarBeets,Reduced,0.626,0.357,0.01,0.007,0.01,0.029,0.01,0.01,0,5,0.45,50,CashCrop,0,0,No,RainFed,0,0.8,80,100,100,0,No,0,1.78,0.23,Custom,81.44,62.2,48.06,73.52,31.49,28.86,25.64,31,39.62,100.84,92.71,134.1,11.399,11.58,33.7504,50.384,121.1063,126.733,151.5691,119.4387,77.7653,42.9462,18.8609,12.6089,4.5945,3.4493,5.1784,7.4123,15.2823,16.2653,19.18,19.5152,15.5283,10.8732,6.4883,5.9571,BritishColumbia,DystricBrunisol,Brown,1.35,Fine,4.9000001,90,0.48,0.1,25,-3710.3104,0.9291,0.9291,0.4518,0.4518,38.003,0,14106.05717
Farm92,0.305,2025,2023,Vegetables,Reduced,0,0,0,0,0.02,0.02,0.01,0.01,0,5,0.45,11.44,CashCrop,0,0,No,RainFed,0,0.8,80,100,100,2,No,0,1.78,0.23,Custom,81.44,62.2,48.06,73.52,31.49,28.86,25.64,31,39.62,100.84,92.71,134.1,11.399,11.58,33.7504,50.384,121.1063,126.733,151.5691,119.4387,77.7653,42.9462,18.8609,12.6089,4.5945,3.4493,5.1784,7.4123,15.2823,16.2653,19.18,19.5152,15.5283,10.8732,6.4883,5.9571,BritishColumbia,DystricBrunisol,Brown,1.35,Fine,4.9000001,90,0.48,0.1,25,0,0.0228,0.0228,0.0189,0.0189,38.003,0,135.9841
Farm93,35.19,2025,2023,BeansDryField,Reduced,0.539,0.412,0.03,0.019,0.042,0.01,0.01,0.01,0,5,0.45,12,CashCrop,0,0,No,RainFed,0,0.13,13,100,100,2,No,0,1.78,0.23,Custom,230.59,202.9,102.81,214.51,41.87,50.76,39.86,49.36,100.43,182.32,210.23,324.01,2.7058,2.3677,13.3664,29.1705,102.7883,114.8125,136.0628,109.4744,66.022,34.8434,8.2512,5.2343,0.0019,-1.0489,1.5839,4.141,13.2,14.313,17.2439,17.5661,12.965,8.6258,2.7983,2.2558,BritishColumbia,HumoFerricPodzol,Brown,0.8,Medium,4.6999998,150,0.65,0.04,25,-1899.7498,0.4907,0.4907,0.223,0.223,4384.674,0,7285.189367
Farm93,35.19,2025,2024,BeansDryField,Reduced,0.539,0.412,0.03,0.019,0.042,0.01,0.01,0.01,0,5,0.45,10,CashCrop,0,0,No,RainFed,0,0.13,13,100,100,2,No,0,1.78,0.23,Custom,230.59,202.9,102.81,214.51,41.87,50.76,39.86,49.36,100.43,182.32,210.23,324.01,2.7058,2.3677,13.3664,29.1705,102.7883,114.8125,136.0628,109.4744,66.022,34.8434,8.2512,5.2343,0.0019,-1.0489,1.5839,4.141,13.2,14.313,17.2439,17.5661,12.965,8.6258,2.7983,2.2558,BritishColumbia,HumoFerricPodzol,Brown,0.8,Medium,4.6999998,150,0.65,0.04,25,-715.4042,0.2276,0.2276,0.1043,0.1043,4384.674,0,2838.357433
Farm93,35.19,2025,2023,BerriesAndGrapes,Reduced,0,0,0,0,0.007,0.02,0.01,0.01,0,5,0.45,14549.97813,CashCrop,0,0,No,RainFed,0,0.85,85,100,100,2,No,0,1.78,0.23,Custom,230.59,202.9,102.81,214.51,41.87,50.76,39.86,49.36,100.43,182.32,210.23,324.01,2.7058,2.3677,13.3664,29.1705,102.7883,114.8125,136.0628,109.4744,66.022,34.8434,8.2512,5.2343,0.0019,-1.0489,1.5839,4.141,13.2,14.313,17.2439,17.5661,12.965,8.6258,2.7983,2.2558,BritishColumbia,HumoFerricPodzol,Brown,0.8,Medium,4.6999998,150,0.65,0.04,25,0,0.0597,0.0597,0.0322,0.0322,4384.674,0,149.6887
Farm94,0.171,2025,2023,Vegetables,Reduced,0,0,0,0,0.02,0.02,0.01,0.01,0,5,0.45,4.275,CashCrop,0,0,No,RainFed,0,0.8,80,100,100,2,No,0,2.39,0.23,Custom,61.04,85.26,16.25,35.01,84.94,72.73,29.9,65.6,28.35,18.77,34.2,45.3,0.0244,0,2.1634,31.4183,109.2807,119.0904,121.4203,102.9984,62.4949,25.8908,1.4768,0.153,-5.5542,-6.7357,-3.4758,3.4413,13.3542,14.8307,17.8206,16.9865,11.267,5.3587,-1.3083,-3.1835,BritishColumbia,GrayLuvisol,Black,1.3,Medium,6,50,0.45,0.05,5,0,0.0276,0.0276,0.0232,0.0232,28.6083,0,181.1684
Farm95,5.761,2025,2023,SugarBeets,Reduced,0.626,0.357,0.01,0.007,0.01,0.029,0.01,0.01,0,5,0.45,1,CashCrop,0,0,No,RainFed,0,0.8,80,100,100,0,No,0,1.78,0.23,Custom,140.47,210.37,126.53,154.25,62.32,58.54,23.28,50.51,80.65,100.71,218.02,258.15,2.1409,1.8262,9.3727,27.7089,102.2771,111.0952,133.624,108.7475,64.8658,32.5424,7.1308,3.8191,-0.6594,-1.5904,0.4697,3.975,13.0616,13.4123,16.6177,17.3055,12.5503,8.1294,2.3187,1.3716,BritishColumbia,MelanicBrunisol,Brown,1,Medium,5.0999999,170,0.05,0.24,54.000001,-3713.1549,1.4829,1.4829,0.8273,0.8273,717.8206,0,14370.1859
Farm96,0.509,2025,2023,Vegetables,Reduced,0,0,0,0,0.02,0.02,0.01,0.01,0,5,0.45,3240,CashCrop,0,0,No,RainFed,0,0.8,80,100,100,2,No,0,1.78,0.23,Custom,139.78,115.8,85.98,134.65,34.21,34.89,32.75,30.93,58.19,110.82,143.55,212.84,12.1512,11.9605,32.5445,47.363,111.9972,115.9949,139.223,112.3194,73.1169,41.1833,18.9606,13.4075,4.9029,3.6493,4.9455,6.7853,13.1335,13.6173,15.9848,17.0461,13.7487,10.3458,6.5787,6.4619,BritishColumbia,DystricBrunisol,Brown,1,Fine,5.4000001,90,0.09,0.18,37,0,0.0271,0.0271,0.0226,0.0226,63.4214,0,138.1681
Farm97,0.288,2025,2022,BerriesAndGrapes,Reduced,0,0,0,0,0.007,0.02,0.01,0.01,0,5,0.45,1.360776,CashCrop,0,0,No,RainFed,0,0.85,85,100,100,2,No,0,1.78,0.23,Custom,180.64,82.83,110.11,132.8,99.44,83.55,31.16,15.65,10.38,103.88,130.62,194.19,11.524,15.473,34.8761,46.4935,69.5239,96.9368,130.2284,122.9584,83.721,51.8261,14.6075,7.1255,4.1771,4.18,6.2416,6.1207,9.1055,13.1773,16.4423,17.8729,14.9063,12.2413,4.4343,2.3942,BritishColumbia,HumoFerricPodzol,Brown,0.15,Coarse,3.5999999,50,-0.09,-0.09,537.999992,-0.0137,0.0319,0.0319,0.025,0.025,35.8848,0,140.1839333
Farm98,0.288,2025,2023,BerriesAndGrapes,Reduced,0,0,0,0,0.007,0.02,0.01,0.01,0,5,0.45,18.14368,CashCrop,0,0,No,RainFed,0,0.85,85,100,100,2,No,0,1.78,0.23,Custom,180.64,82.83,110.11,132.8,99.44,83.55,31.16,15.65,10.38,103.88,130.62,194.19,11.524,15.473,34.8761,46.4935,69.5239,96.9368,130.2284,122.9584,83.721,51.8261,14.6075,7.1255,4.1771,4.18,6.2416,6.1207,9.1055,13.1773,16.4423,17.8729,14.9063,12.2413,4.4343,2.3942,BritishColumbia,HumoFerricPodzol,Brown,0.15,Coarse,3.5999999,50,-0.09,-0.09,537.999992,0.0207,0.0319,0.0319,0.025,0.025,35.8848,0,140.0578
Farm98,0.068,2025,2022,Vegetables,Reduced,0,0,0,0,0.02,0.02,0.01,0.01,0,5,0.45,216.96,CashCrop,0,0,No,RainFed,0,0.8,80,100,100,2,No,0,1.78,0.23,Custom,180.64,82.83,110.11,132.8,99.44,83.55,31.16,15.65,10.38,103.88,130.62,194.19,11.524,15.473,34.8761,46.4935,69.5239,96.9368,130.2284,122.9584,83.721,51.8261,14.6075,7.1255,4.1771,4.18,6.2416,6.1207,9.1055,13.1773,16.4423,17.8729,14.9063,12.2413,4.4343,2.3942,BritishColumbia,HumoFerricPodzol,Brown,0.15,Coarse,3.5999999,50,-0.09,-0.09,537.999992,0,0.032,0.032,0.025,0.025,8.4728,0,140.161
Farm98,0.008,2025,2022,BerriesAndGrapes,Reduced,0,0,0,0,0.007,0.02,0.01,0.01,0,5,0.45,9.07184,CashCrop,0,0,No,RainFed,0,0.85,85,100,100,2,No,0,1.78,0.23,Custom,180.64,82.83,110.11,132.8,99.44,83.55,31.16,15.65,10.38,103.88,130.62,194.19,11.524,15.473,34.8761,46.4935,69.5239,96.9368,130.2284,122.9584,83.721,51.8261,14.6075,7.1255,4.1771,4.18,6.2416,6.1207,9.1055,13.1773,16.4423,17.8729,14.9063,12.2413,4.4343,2.3942,BritishColumbia,HumoFerricPodzol,Brown,0.15,Coarse,3.5999999,50,-0.09,-0.09,537.999992,0,0.0319,0.0319,0.025,0.025,0.9968,0,140.1337
Farm98,0.711,2025,2022,Vegetables,Reduced,0,0,0,0,0.02,0.02,0.01,0.01,0,5,0.45,738.5999927,CashCrop,0,0,No,RainFed,0,0.8,80,100,100,2,No,0,1.78,0.23,Custom,180.64,82.83,110.11,132.8,99.44,83.55,31.16,15.65,10.38,103.88,130.62,194.19,11.524,15.473,34.8761,46.4935,69.5239,96.9368,130.2284,122.9584,83.721,51.8261,14.6075,7.1255,4.1771,4.18,6.2416,6.1207,9.1055,13.1773,16.4423,17.8729,14.9063,12.2413,4.4343,2.3942,BritishColumbia,HumoFerricPodzol,Brown,0.15,Coarse,3.5999999,50,-0.09,-0.09,537.999992,0,0.0323,0.0323,0.0252,0.0252,88.5906,0,140.2975
Farm98,0.064,2025,2022,Vegetables,Reduced,0,0,0,0,0.02,0.02,0.01,0.01,0,5,0.45,20.41164,CashCrop,0,0,No,RainFed,0,0.8,80,100,100,2,No,0,1.78,0.23,Custom,180.64,82.83,110.11,132.8,99.44,83.55,31.16,15.65,10.38,103.88,130.62,194.19,11.524,15.473,34.8761,46.4935,69.5239,96.9368,130.2284,122.9584,83.721,51.8261,14.6075,7.1255,4.1771,4.18,6.2416,6.1207,9.1055,13.1773,16.4423,17.8729,14.9063,12.2413,4.4343,2.3942,BritishColumbia,HumoFerricPodzol,Brown,0.15,Coarse,3.5999999,50,-0.09,-0.09,537.999992,0,0.0319,0.0319,0.025,0.025,7.9744,0,140.1337
Farm98,0.02,2025,2022,BerriesAndGrapes,Reduced,0,0,0,0,0.007,0.02,0.01,0.01,0,5,0.45,3.628736,CashCrop,0,0,No,RainFed,0,0.85,85,100,100,2,No,0,1.78,0.23,Custom,180.64,82.83,110.11,132.8,99.44,83.55,31.16,15.65,10.38,103.88,130.62,194.19,11.524,15.473,34.8761,46.4935,69.5239,96.9368,130.2284,122.9584,83.721,51.8261,14.6075,7.1255,4.1771,4.18,6.2416,6.1207,9.1055,13.1773,16.4423,17.8729,14.9063,12.2413,4.4343,2.3942,BritishColumbia,HumoFerricPodzol,Brown,0.15,Coarse,3.5999999,50,-0.09,-0.09,537.999992,0,0.0319,0.0319,0.025,0.025,2.492,0,140.1337
Farm99,4.309,2025,2025,TameGrass,Reduced,0.441,0,0.339,0.22,0.016,0.016,0.01,0.01,0,5,0.45,1,CashCrop,0,0,No,RainFed,0,0.13,13,0,100,35,No,0,1.78,0.23,Custom,69.58,159.93,315.33,101.62,101.97,51.17,54.3,162.54,-2966.81,0,0,0,0.655,3.8665,11.4285,52.3391,76.7659,99.8971,124.313,106.404,43.2983,0,0,0,-1.7677,-3.1207,1.9316,6.068,9.3997,12.8787,15.7755,18.039,-142.9974,0,0,0,BritishColumbia,HumoFerricPodzol,Brown,0.8,Medium,4.6999998,150,0.65,0.04,25,-19504.9529,0.0858,0.0858,0.4471,0.4471,536.9014,0,71788.24233
Farm100,0.107,2025,2024,OtherFieldCrops,Reduced,0,0,0,0,0.03325,0.00975,0.01,0.01,0,5,0.45,9.07184,CashCrop,0,0,No,RainFed,0,0.1,10,100,100,2,No,0,1.78,0.23,Custom,125.37,117.6,72.91,125.75,34.16,33.94,20.56,33.83,57.46,121.99,144.51,211.92,11.6857,12.6577,35.7662,47.4431,109.2211,119.7772,140.1285,113.2192,71.7313,42.3619,18.6572,12.6454,5.1606,4.2443,6.051,8.2047,14.8861,15.6163,18.4529,18.9113,15.3977,11.4113,7.2537,6.7732,BritishColumbia,HumicGleysol,Brown,1.1,Medium,4.0999999,220,0.02,0.28,11,0,0.0277,0.0277,0.0218,0.0218,13.3322,0,138.1135
Farm100,0.107,2025,2025,OtherFieldCrops,Reduced,0,0,0,0,0.03325,0.00975,0.01,0.01,0,5,0.45,9.07184,CashCrop,0,0,No,RainFed,0,0.1,10,100,100,2,No,0,1.78,0.23,Custom,125.37,117.6,72.91,125.75,34.16,33.94,20.56,33.83,57.46,121.99,144.51,211.92,11.6857,12.6577,35.7662,47.4431,109.2211,119.7772,140.1285,113.2192,71.7313,42.3619,18.6572,12.6454,5.1606,4.2443,6.051,8.2047,14.8861,15.6163,18.4529,18.9113,15.3977,11.4113,7.2537,6.7732,BritishColumbia,HumicGleysol,Brown,1.1,Medium,4.0999999,220,0.02,0.28,11,0,0.0277,0.0277,0.0218,0.0218,13.3322,0,138.1135
Farm100,0.513,2025,2023,DryPeas,Reduced,0.263,0.533,0.126,0.078,0.0694,0.0316,0.0282,0.0282,0,5,0.45,16.47,CashCrop,0,0,No,RainFed,0,0.13,13,100,100,2,No,0,1.78,0.23,Custom,125.37,117.6,72.91,125.75,34.16,33.94,20.56,33.83,57.46,121.99,144.51,211.92,11.6857,12.6577,35.7662,47.4431,109.2211,119.7772,140.1285,113.2192,71.7313,42.3619,18.6572,12.6454,5.1606,4.2443,6.051,8.2047,14.8861,15.6163,18.4529,18.9113,15.3977,11.4113,7.2537,6.7732,BritishColumbia,HumicGleysol,Brown,1.1,Medium,4.0999999,220,0.02,0.28,11,-2827.8689,1.0044,1.0044,0.5299,0.5299,63.9198,0,10912.31653
Farm101,0.019,2025,2022,Vegetables,Reduced,0,0,0,0,0.02,0.02,0.01,0.01,0,5,0.45,135,CashCrop,0,0,No,RainFed,0,0.8,80,100,100,2,No,0,1.78,0.23,Custom,43.31,21.73,30.75,18.35,43.75,101.86,34.28,26.58,9.17,16.38,49.53,37.62,0.0056,0.1697,8.4181,21.4826,55.4687,91.6751,142.8171,120.6691,76.1372,44.1523,0.157,0,-5.8055,-4.1207,0.4252,2.157,7.1526,12.8627,19.159,20.0403,14.469,9.5032,-6.7553,-11.219,BritishColumbia,DarkGrayChernozem,Brown,1.2,Coarse,6.0999999,150,0.78,0.09,30,0,0.019,0.019,0.0199,0.0199,2.3674,0,135.2197
Farm101,0.056,2025,2022,Vegetables,Reduced,0,0,0,0,0.02,0.02,0.01,0.01,0,5,0.45,0.05,CashCrop,0,0,No,RainFed,0,0.8,80,100,100,2,No,0,1.78,0.23,Custom,43.31,21.73,30.75,18.35,43.75,101.86,34.28,26.58,9.17,16.38,49.53,37.62,0.0056,0.1697,8.4181,21.4826,55.4687,91.6751,142.8171,120.6691,76.1372,44.1523,0.157,0,-5.8055,-4.1207,0.4252,2.157,7.1526,12.8627,19.159,20.0403,14.469,9.5032,-6.7553,-11.219,BritishColumbia,DarkGrayChernozem,Brown,1.2,Coarse,6.0999999,150,0.78,0.09,30,0,0.019,0.019,0.0199,0.0199,6.9776,0,135.2197
Farm101,0.018,2025,2022,Vegetables,Reduced,0,0,0,0,0.02,0.02,0.01,0.01,0,5,0.45,135,CashCrop,0,0,No,RainFed,0,0.8,80,100,100,2,No,0,1.78,0.23,Custom,43.31,21.73,30.75,18.35,43.75,101.86,34.28,26.58,9.17,16.38,49.53,37.62,0.0056,0.1697,8.4181,21.4826,55.4687,91.6751,142.8171,120.6691,76.1372,44.1523,0.157,0,-5.8055,-4.1207,0.4252,2.157,7.1526,12.8627,19.159,20.0403,14.469,9.5032,-6.7553,-11.219,BritishColumbia,DarkGrayChernozem,Brown,1.2,Coarse,6.0999999,150,0.78,0.09,30,0,0.019,0.019,0.0199,0.0199,2.2428,0,135.2197
Farm101,0.014,2025,2022,Vegetables,Reduced,0,0,0,0,0.02,0.02,0.01,0.01,0,5,0.45,9.171974522,CashCrop,0,0,No,RainFed,0,0.8,80,100,100,2,No,0,1.78,0.23,Custom,43.31,21.73,30.75,18.35,43.75,101.86,34.28,26.58,9.17,16.38,49.53,37.62,0.0056,0.1697,8.4181,21.4826,55.4687,91.6751,142.8171,120.6691,76.1372,44.1523,0.157,0,-5.8055,-4.1207,0.4252,2.157,7.1526,12.8627,19.159,20.0403,14.469,9.5032,-6.7553,-11.219,BritishColumbia,DarkGrayChernozem,Brown,1.2,Coarse,6.0999999,150,0.78,0.09,30,0,0.019,0.019,0.0199,0.0199,1.7444,0,135.2197
Farm101,0.017,2025,2022,Vegetables,Reduced,0,0,0,0,0.02,0.02,0.01,0.01,0,5,0.45,504.8780488,CashCrop,0,0,No,RainFed,0,0.8,80,100,100,2,No,0,1.78,0.23,Custom,43.31,21.73,30.75,18.35,43.75,101.86,34.28,26.58,9.17,16.38,49.53,37.62,0.0056,0.1697,8.4181,21.4826,55.4687,91.6751,142.8171,120.6691,76.1372,44.1523,0.157,0,-5.8055,-4.1207,0.4252,2.157,7.1526,12.8627,19.159,20.0403,14.469,9.5032,-6.7553,-11.219,BritishColumbia,DarkGrayChernozem,Brown,1.2,Coarse,6.0999999,150,0.78,0.09,30,0,0.0191,0.0191,0.0199,0.0199,2.1182,0,135.247
Farm102,38.567,2025,2022,SugarBeets,Reduced,0.626,0.357,0.01,0.007,0.01,0.029,0.01,0.01,0,5,0.45,1500,CashCrop,0,0,No,RainFed,0,0.8,80,100,100,0,No,0,1.78,0.23,Custom,153.27,66.35,93.49,94.72,77.86,63.78,27.57,10.46,5.43,102.44,125.6,159.71,13.2259,18.8207,39.8039,54.8336,75.3769,100.8853,132.8192,125.3208,86.4715,53.308,18.2213,9.1275,4.9897,5.3989,7.4823,7.7587,10.3948,14.254,17.1603,18.6213,15.939,12.9697,5.7617,3.5497,BritishColumbia,LuvicGleysol,Brown,1,Fine,5.1999998,270,0.14,0.26,74.000001,-3592.8609,0.9576,0.9576,0.5798,0.5798,4805.4482,0,13718.1335
Farm103,32.37488271,2025,2025,Vegetables,Reduced,0,0,0,0,0.02,0.02,0.01,0.01,0,5,0.45,20411.64,CashCrop,0,0,No,RainFed,0,0.8,80,100,100,2,No,0,1.78,0.23,Custom,287.09,180.33,132.9,136.48,113.32,131.04,38.38,122,84.69,262.26,256.02,285.2,2.9199,4.5696,19.5867,40.086,70.386,88.6892,139.9541,98.4882,63.0742,23.1877,3.0611,2.1953,-2.3055,0.3131,1.9503,4.9127,8.44,11.424,17.5477,16.191,12.7677,5.7694,0.4403,0.3258,BritishColumbia,Gleysol,Brown,1.4,Medium,4.9000001,180,0.75,0.04,9,0,0.3502,0.3502,0.0453,0.0453,4033.9104,0,232.5715004
Farm103,40.46860339,2025,2024,Vegetables,Reduced,0,0,0,0,0.02,0.02,0.01,0.01,0,5,0.45,28066.005,CashCrop,0,0,No,RainFed,0,0.8,80,100,100,2,No,0,1.78,0.23,Custom,287.09,180.33,132.9,136.48,113.32,131.04,38.38,122,84.69,262.26,256.02,285.2,2.9199,4.5696,19.5867,40.086,70.386,88.6892,139.9541,98.4882,63.0742,23.1877,3.0611,2.1953,-2.3055,0.3131,1.9503,4.9127,8.44,11.424,17.5477,16.191,12.7677,5.7694,0.4403,0.3258,BritishColumbia,Gleysol,Brown,1.4,Medium,4.9000001,180,0.75,0.04,9,0,0.3814,0.3814,0.0489,0.0489,5042.388,0,242.0719004